rule_id;вид;тип;признак;стадия;вариант;режим;мера;вид_работ;срок_ч;исполнитель;обоснование;источник;сверка_ртэк
EQ-01;мера;equipment;ups_batt;*;A;факт;Объект на батареях ИБП: выяснить у энергетика причину пропадания сети на вводе и оценить остаток автономии;прочее;4;энергетик;ИБП «Питание от батарей» — самый частый повод отказа оборудования (7359 эпизодов 2019–2026);журнал;да
EQ-01;мера;equipment;ups_batt;*;B;факт;Если сеть не вернулась до конца автономии — выезд с переносным источником или перевод нагрузки на резервный ввод;ремонт оборудования;4;бригада ТО;без сети объект теряет насосы и связь;журнал;да
EQ-01;мера;equipment;ups_batt;*;C;факт;Наблюдать дистанционно: если «Питание от сети» вернулось в течение часа — мера не нужна;прочее;1;диспетчер;кратковременные пропадания сети;журнал;нет
EQ-02;мера;equipment;ups_fault;*;A;оба;Проверить аккумуляторы ИБП (тест разряда, напряжение по банкам) и заменить при просадке;ремонт оборудования;72;бригада ТО;срок службы свинцово-кислотных АКБ VRLA/AGM 3–5 лет;elec.ru, «Аккумуляторы для ИБП»;да
EQ-02;мера;equipment;ups_fault;*;B;оба;Проверить сам ИБП: зарядное устройство и инвертор;ремонт оборудования;168;энергетик;неисправность ИБП при исправных АКБ;журнал;да
EQ-02;мера;equipment;ups_fault;*;C;оба;Сверить дату установки АКБ: если старше 3 лет — включить замену в план ППР;прочее;720;инженер участка;плановая замена по сроку службы;elec.ru, «Аккумуляторы для ИБП»;да
EQ-03;мера;equipment;pump_fault;*;A;оба;Проверить автоматику насоса: датчики уровня (поплавки), пускатель, цепь сигнала «Неисправен»;осмотр;24;бригада ТО;«Неисправен» приходит от насоса в 3–9 раз чаще паспортной наработки на отказ (раздел 61): большая часть — автоматика и сигнализация, а не агрегат;журнал + паспорт ЭЦН «Гном»;да
EQ-03;мера;equipment;pump_fault;*;B;оба;Ремонт насоса по узлам: подшипники, уплотнения, рабочее колесо, сопротивление изоляции двигателя;ремонт оборудования;72;бригада ТО;насосы чинят по узлам, а не меняют целиком (ответ 13), паспортная наработка на отказ не менее 2500 ч;паспорт ЭЦН «Гном» (Электромаш, elcomspb.ru);да
EQ-03;мера;equipment;pump_fault;*;C;факт;Дистанционно: убедиться, что работает второй насос АНС и уровень в приямке не растёт, выезд — если резерва нет;прочее;4;диспетчер;отказ одного насоса опасен, только если нет резерва;журнал;нет
EQ-04;мера;equipment;pump_power;*;A;оба;Проверить питание насоса: автомат, предохранители, кабель от щита;ремонт оборудования;24;энергетик;«Обесточен» и «Отключено устройство» у насоса (5972 эпизода);журнал;да
EQ-04;мера;equipment;pump_power;*;B;оба;Проверить, не отключён ли насос персоналом по наряду, и вернуть в работу;осмотр;24;диспетчер;отключение при работах;журнал;нет
EQ-04;мера;equipment;pump_power;*;C;факт;До восстановления питания контролировать уровень воды по соседним датчикам;прочее;4;диспетчер;без насоса растёт риск подтопления;журнал;нет
EQ-05;мера;equipment;fan_fault;*;A;оба;Проверить автоматику вентилятора и цепь сигнала «Неисправен»;осмотр;72;бригада ТО;«Неисправен» у вентилятора в 3–9 раз чаще паспортной наработки (раздел 61);журнал + паспорта вентиляторов ВО;да
EQ-05;мера;equipment;fan_fault;*;B;оба;Ремонт вентилятора: подшипники, муфта или ремни, двигатель;ремонт оборудования;168;бригада ТО;паспортная наработка осевых вентиляторов общего назначения 10–30 тыс. ч;паспорта вентиляторов ВО (elcomspb.ru, teplomash);да
EQ-05;мера;equipment;fan_fault;*;C;оба;Если вентиляция сейчас не нужна (нет газа и перегрева) — включить ремонт в план ТО;прочее;720;инженер участка;без газа и перегрева отсутствие вентиляции не аварийно;журнал;да
EQ-06;мера;equipment;fan_power;*;A;оба;Проверить питание вентилятора: автомат, предохранители, кабель;ремонт оборудования;72;энергетик;«Обесточен» у вентилятора (5689 эпизодов);журнал;да
EQ-06;мера;equipment;fan_power;*;B;оба;Проверить, не отключён ли вентилятор персоналом по наряду;осмотр;72;диспетчер;отключение при работах;журнал;нет
EQ-06;мера;equipment;fan_power;*;C;оба;Включить в план ТО, если нет газа и перегрева;прочее;720;инженер участка;;журнал;нет
EQ-07;мера;equipment;phase;*;A;оба;Неисправна фаза: проверить ввод и щит (обрыв или перекос фаз);ремонт оборудования;24;энергетик;неполнофазное питание опасно для двигателей насосов и вентиляторов;журнал;да
EQ-07;мера;equipment;phase;*;B;оба;До устранения держать двигатели насосов и вентиляторов под контролем: при нагреве или отключении — перейти на резерв;прочее;24;диспетчер;;журнал;да
EQ-07;мера;equipment;phase;*;C;факт;Наблюдать: если «Есть питание» вернулось в течение часа — мера не нужна;прочее;1;диспетчер;кратковременные провалы;журнал;нет
EQ-08;мера;equipment;switch_off;*;A;оба;Переключатель в положении «отключено»: сверить с нарядом и вернуть в рабочее положение;осмотр;24;бригада ТО;«Отключено устройство» у переключателя;журнал;нет
EQ-08;мера;equipment;switch_off;*;B;оба;Если наряда нет — осмотр щита на месте;осмотр;72;бригада ТО;;журнал;нет
FI-01;мера;fire;smoke;*;A;факт;Подтвердить или снять тревогу: камера, связь с персоналом, при подтверждении — вызов пожарной охраны;осмотр;0;диспетчер;дым — основной признак пожара (3606 эпизодов);журнал;нет
FI-01;мера;fire;smoke;*;B;оба;Если на объекте работы (сварка, пыль) — сверить с нарядом и на время работ закрывать извещатели зоны;прочее;24;диспетчер;часть сработок пожара — при персонале (раздел 7);журнал;да
FI-01;мера;fire;smoke;*;C;оба;Проверить извещатель: запылённость, чистка, тест аэрозолем;замена датчика;72;бригада ТО;средняя наработка на отказ дымового извещателя не менее 60 000 ч (НПБ 76-98, п. 17.2);НПБ 76-98;нет
FI-02;мера;fire;heat;*;A;факт;Сработал тепловой извещатель: немедленный осмотр отсека;осмотр;0;бригада ТО;тепловой (294 эпизода) — прямой признак нагрева;журнал;нет
FI-02;мера;fire;heat;*;B;оба;Если нагрева нет — проверить шлейф теплового извещателя (обрыв даёт «Не замкнут»);замена датчика;72;бригада ТО;;журнал;да
FI-03;мера;fire;manual;*;A;факт;Ручной извещатель: выяснить, кто его привёл в действие, осмотреть отсек;осмотр;0;бригада ТО;566 эпизодов;журнал;нет
FI-03;мера;fire;manual;*;B;факт;Если людей на объекте не было — проверить охрану: возможен посторонний;проверка охраны;0;диспетчер;ручной извещатель без персонала;журнал;нет
FI-03;мера;fire;manual;*;C;оба;Проверить механизм и шлейф извещателя;замена датчика;72;бригада ТО;;журнал;нет
FI-04;мера;fire;temp_hi;*;A;факт;Температура выше 40 °C: осмотреть источник тепла — кабели, соседние теплотрассы;осмотр;4;бригада ТО;122 эпизода, в коллекторе проходят теплосети;журнал;да
FI-04;мера;fire;temp_hi;*;B;оба;Проветрить отсек, включить вентиляцию;проветривание;24;диспетчер;;журнал;нет
FI-04;мера;fire;temp_hi;*;C;оба;Проверить датчик температуры (сравнить с соседним);замена датчика;72;бригада ТО;;журнал;нет
FL-01;мера;flood;pump_all;*;A;факт;Все насосы АНС в работе — приток выше обычного: проверить уровень и источник воды (водовод, ливень, грунтовые);осмотр;4;бригада ТО;«Работают все насосы в АНС» — 17 686 эпизодов, основной признак подтопления;журнал;да
FL-01;мера;flood;pump_all;*;B;оба;Проверить соседние объекты коллектора ниже по уклону: вода может приходить оттуда (ответ 21);осмотр;24;диспетчер;разуклон коллектора;ответ заказчика 21;да
FL-01;мера;flood;pump_all;*;C;оба;Если приток не спадает — сообщить в водоканал;прочее;24;диспетчер;внешний источник воды;ответ заказчика 23;да
FL-02;мера;flood;pump_flooded;*;A;факт;Насос «Затоплен»: откачка передвижным насосом, поиск источника;откачка воды;0;бригада ТО;381 эпизод;журнал;нет
FL-02;мера;flood;pump_flooded;*;B;оба;Если «Затоплен» пришло сразу после подачи питания — проверить датчик: это может быть перезапуск (Н7);осмотр;24;диспетчер;раздел 45: 8,8% эпизодов подтопления — в 10 мин после подачи питания;журнал;нет
FL-03;мера;flood;flood_sensor;*;A;факт;Датчик затопления сработал: осмотр места, при воде — откачка;откачка воды;4;бригада ТО;406 эпизодов;журнал;нет
FL-03;мера;flood;flood_sensor;*;B;оба;Если воды нет — проверить датчик затопления;замена датчика;72;бригада ТО;;журнал;нет
GA-01;мера;gas;gas;*;A;факт;Обнаружен газ: проветрить отсек, проверить концентрацию переносным газоанализатором, при подтверждении — газовая служба;проветривание;0;бригада ТО;газ при людях опасен;журнал;нет
GA-01;мера;gas;gas;*;B;факт;Если идёт плановая проверка датчиков (охрана снята, будни 8–17) — сверить с графиком проверок, выезд не нужен;прочее;4;диспетчер;81% эпизодов газа — при снятой охране, это продувка из баллона (раздел 59);ответ заказчика по разделу 59;нет
GA-01;мера;gas;gas;*;C;оба;Проверить газоанализатор: калибровка, дрейф нуля;замена датчика;72;бригада ТО;;журнал;нет
IN-01;мера;intrusion;door;*;A;факт;Дверь открыта под охраной: проверить по камере, при посторонних — вызвать охрану;проверка охраны;0;диспетчер;основной признак проникновения;журнал;нет
IN-01;мера;intrusion;door;*;B;оба;Если это персонал без снятия охраны — сверить с допуском и провести инструктаж;прочее;24;инженер участка;;журнал;нет
IN-01;мера;intrusion;door;*;C;оба;Проверить геркон и доводчик двери (дребезг контакта);замена датчика;72;бригада ТО;;журнал;нет
IN-02;мера;intrusion;hatch;*;A;факт;Люк или стекло открыты под охраной: проверить по камере, осмотр;проверка охраны;0;диспетчер;;журнал;нет
IN-02;мера;intrusion;hatch;*;B;оба;Проверить датчик люка и крепление крышки;замена датчика;72;бригада ТО;;журнал;нет
SE-01;мера;sensor;smoke_fault;*;A;оба;Почистить или заменить дымовой извещатель;замена датчика;72;бригада ТО;«Неисправен» у дымового — главный отказ датчиков (2412 эпизодов), частота отказов сходится с паспортом (раздел 61);НПБ 76-98;нет
SE-01;мера;sensor;smoke_fault;*;B;оба;Проверить шлейф и линию питания 48 В: если неисправны несколько датчиков линии — причина в линии, а не в датчике;ремонт оборудования;72;служба связи и автоматики;одна линия 48 В питает десятки объектов (ответ 1);ответ заказчика 1;да
SE-01;мера;sensor;smoke_fault;*;C;оба;До замены контролировать отсек соседними датчиками: тепловыми и температурными;прочее;24;диспетчер;;журнал;нет
SE-02;мера;sensor;temp_fault;*;A;оба;Датчик температуры не отвечает («Не определено», −127): проверить линию и разъём датчика;осмотр;72;служба связи и автоматики;−127 — показание цифрового термодатчика без связи;журнал;да
SE-02;мера;sensor;temp_fault;*;B;оба;Заменить датчик температуры;замена датчика;168;бригада ТО;;журнал;нет
SE-03;мера;sensor;gas_fault;*;A;оба;Газоанализатор неисправен или даёт отрицательные значения: калибровка нуля или замена сенсора;замена датчика;72;бригада ТО;отрицательные показания газа — признак сбоя сенсора;журнал;да
SE-03;мера;sensor;gas_fault;*;B;оба;До замены — проверка переносным газоанализатором при каждом входе в отсек;прочее;24;бригада ТО;;журнал;нет
SE-04;мера;sensor;manual_fault;*;A;оба;Проверить ручной извещатель и его шлейф;замена датчика;168;бригада ТО;;журнал;нет
SE-05;мера;sensor;motion_fault;*;A;оба;Проверить датчик движения: питание, линзу, крепление;замена датчика;168;бригада ТО;;журнал;нет
SE-05;мера;sensor;motion_fault;*;B;оба;Пока датчик неисправен — проверять проникновение по камерам;проверка охраны;24;диспетчер;проникновение — последовательность «дверь → движение» (ответ 20);ответ заказчика 20;нет
SE-06;мера;sensor;door_fault;*;A;оба;Проверить контакт двери, люка или автомата (геркон, шлейф);замена датчика;168;бригада ТО;;журнал;нет
SE-06;мера;sensor;door_fault;*;B;оба;Пока контакт неисправен — проверять проникновение по камерам;проверка охраны;24;диспетчер;;журнал;нет
SE-07;мера;sensor;uir_fault;*;A;оба;Проверить переговорное устройство УИР-Р;замена датчика;168;служба связи и автоматики;;журнал;нет
SE-08;мера;sensor;other_fault;*;A;оба;Проверить датчик и его линию;осмотр;168;бригада ТО;;журнал;нет
FC-01;мера;fire;forecast;*;A;прогноз;Прогноз риска пожара на 24 ч: осмотреть извещатели и кабельные трассы при ближайшем обходе;осмотр;24;бригада ТО;прогноз модели без идущего эпизода;модель;нет
FC-01;мера;fire;forecast;*;B;прогноз;Проверить наряды: если ожидаются огневые работы — предупредить диспетчера о возможных сработках;прочее;24;диспетчер;;модель;нет
FC-02;мера;gas;forecast;*;A;прогноз;Прогноз загазованности на 24 ч: сверить с графиком плановых проверок датчиков, при отсутствии проверки — осмотр с газоанализатором;осмотр;24;бригада ТО;модель газа в основном предсказывает плановые проверки (раздел 59);модель;нет
FC-03;мера;flood;forecast;*;A;прогноз;Прогноз подтопления на 24 ч: проверить готовность насосов АНС и резервного насоса;осмотр;24;бригада ТО;;модель;нет
FC-03;мера;flood;forecast;*;B;прогноз;Проверить соседние объекты коллектора ниже по уклону;осмотр;24;диспетчер;разуклон (ответ 21);ответ заказчика 21;да
FC-04;мера;equipment;forecast;*;A;прогноз;Прогноз отказа оборудования на 24 ч: осмотреть насосы, вентиляторы и ввод питания при ближайшем обходе;осмотр;24;бригада ТО;;модель;нет
FC-04;мера;equipment;forecast;*;B;прогноз;Проверить резерв: второй насос, заряд АКБ ИБП;осмотр;24;бригада ТО;;модель;нет
FC-05;мера;sensor;forecast;*;A;прогноз;Прогноз отказа датчика на 24 ч: проверить датчики объекта, давшие неисправности за неделю;осмотр;24;бригада ТО;;модель;нет
FC-06;мера;intrusion;forecast;*;A;прогноз;Прогноз проникновения на 24 ч: проверить исправность дверных контактов и датчиков движения, усилить контроль по камерам;проверка охраны;24;диспетчер;;модель;нет
RC-00;повтор;*;*;R0;+;оба;Первичный эпизод: мера по признаку, без усиления;;;;за 30 суток эпизодов этого типа на объекте не было;журнал;нет
RC-01;повтор;*;*;R1;+;оба;Повтор: приложить к заявке прошлые эпизоды за 30 суток и сравнить, тот же ли датчик;прочее;72;диспетчер;1–2 эпизода за 30 суток: повтор в 7 суток вероятнее, чем у первичного (раздел 61);журнал;нет
RC-02;повтор;*;same_channel;R2;A;оба;Рецидив одного датчика: заменить датчик, а не осматривать ещё раз;замена датчика;24;бригада ТО;3–9 эпизодов за 30 суток, повторяет тот же канал;журнал;нет
RC-03;повтор;equipment;same_channel;R2;A;оба;Рецидив одного агрегата: ремонт по узлам или замена, повторный осмотр не помогает;ремонт оборудования;24;бригада ТО;3–9 эпизодов за 30 суток, повторяет тот же агрегат;журнал;да
RC-04;повтор;*;other_channel;R2;A;оба;Рецидив на разных датчиках: искать общую причину — питание 48 В, контроллер, шину связи;ремонт оборудования;24;служба связи и автоматики;повторы идут с разных каналов объекта (ответ 1);ответ заказчика 1;да
RC-05;повтор;*;after_visit;*;A;оба;Повтор после выезда бригады: прошлая мера не удержала — не повторять осмотр, назначить ремонт или замену и записать причину в отчёт;ремонт оборудования;24;инженер участка;после подтверждённого выезда повтор почти так же вероятен, как без выезда (раздел 61);журнал;нет
RC-06;повтор;*;*;R3;A;оба;Хронический объект: инженерный разбор причин и включение системы в план ППР или капремонта;прочее;168;инженер участка;10+ эпизодов за 30 суток: повтор в 7 суток у большинства типов 85–99%;журнал;да
RC-07;повтор;*;*;R3;B;оба;Если повторы — дребезг одного канала, завести заявку на наладку канала и отметить канал как шумный для разметки, а не выезжать на каждую сработку;прочее;168;инженер участка;склейка повторов 6 ч (раздел 27);журнал;нет
MD-01;поправка;equipment;line_wide;*;A;факт;Одновременно отказ на других объектах коллектора: проверить линию питания или ввод коллектора, а не отдельный агрегат;ремонт оборудования;4;энергетик;18% эпизодов отказа оборудования совпадают с отказом на другом объекте коллектора в пределах 30 мин (раздел 61);журнал;да
MD-02;поправка;equipment;pump_flasher;*;A;оба;Насос-«мигалка» (частые включения и выключения): проверить датчики уровня, пускатель, обратный клапан;ремонт оборудования;24;бригада ТО;40+ переключений насоса за час — отказ оборудования в следующие сутки 42% против 24% в обычный час (раздел 61);ответ заказчика 21, журнал;да
MD-03;поправка;flood;spring;*;+;оба;Весенний период: подтоплений в апреле–июне в 1,2–1,3 раза больше среднего — проверить резервный насос и откачку на соседних объектах;осмотр;72;бригада ТО;сезонность подтоплений (раздел 61, ответ 23);ответ заказчика 23, журнал;нет
MD-04;поправка;gas;planned_check;*;A;факт;Похоже на плановую проверку датчиков (охрана снята, будни 8–17): сверить с графиком проверок, выезд не нужен;прочее;4;диспетчер;при снятой охране после эпизода газа бригада приезжает в 6% случаев, при поставленной — в 33% (раздел 59);ответ заказчика по разделу 59;нет
MD-05;поправка;gas;guard_on;*;A;факт;Газ при поставленной охране, людей на объекте нет: проветривание и газовая служба без ожидания;проветривание;0;бригада ТО;такие эпизоды не плановые проверки (раздел 59);журнал;нет
MD-06;поправка;*;staff_on_site;*;+;факт;На объекте персонал (охрана снята): сверить с нарядом, сработка может быть от работ;прочее;4;диспетчер;эпизоды при персонале (разделы 7, 59);журнал;нет
MD-07;поправка;*;restart;*;A;факт;Эпизод начался сразу после подачи питания: вероятно перезапуск датчика — проверить, что показания вернулись в норму за 30 мин, выезд только если нет;прочее;1;диспетчер;газ: 69% эпизодов в 10 мин после подачи питания, оборудование 26% (раздел 45);журнал;нет
MD-08;поправка;*;disconnected;*;+;факт;Устройство отключено: сверить с нарядом, не отключено ли персоналом;прочее;24;диспетчер;«Отключено устройство»;журнал;нет
MD-09;поправка;*;cold;*;+;оба;В отсеке было ниже 3 °C за последние сутки: проверить утепление, закрытие люков и вентиляции, трубопроводы на промерзание;осмотр;72;бригада ТО;после суток с «ниже 3 °C» эпизод в те же или следующие сутки: пожар 19% против 7% в обычные зимние сутки, отказ датчика 25% против 8%, подтопление 6,1% против 1,3% (раздел 61);ответ заказчика 23, журнал;да
PT-01;паттерн;*;mass;*;A;факт;Разом сработали 3 и больше канала за 2 мин: общая причина — питание шлейфа или 48 В, контроллер, шина связи. Проверить их, датчики поштучно не менять;ремонт оборудования;4;служба связи и автоматики;после массового эпизода следующий эпизод с того же канала — 4–9% против 30–50% у одиночных (раздел 61), лавина тревог по ISA-18.2;журнал, ISA-18.2;да
PT-02;паттерн;fire;mass;*;+;факт;Массовость не снимает тревогу пожара: подтвердить по камере или персоналу;осмотр;0;диспетчер;выезд после массового пожара 5–12% — ниже устойчивого (26–27%), но не ноль;журнал;нет
PT-03;паттерн;*;spreading;*;A;факт;Каналы включались по очереди 5 мин и дольше: начать с первого сработавшего канала (first_channel) — он ближе всего к причине;осмотр;4;бригада ТО;нарастающий эпизод — каскад от одного узла: повтор с того же канала 8–21% (раздел 61);журнал;да
PT-04;паттерн;fire;spreading;*;A;факт;Пожар обходит извещатели по очереди: проверить, не идут ли работы или проверка (охрана, наряд), если нет — выезд как на пожар;осмотр;0;диспетчер;выезд после нарастающего пожара 0–4% против 26–27% у устойчивого: чаще это проверка или работы (раздел 61);журнал;да
PT-05;паттерн;gas;spreading;*;+;факт;Газ по датчикам подряд — почерк обхода с баллоном: сверить с графиком проверок;прочее;4;диспетчер;раздел 59: проверочный эпизод идёт по 9 каналам подряд;журнал;нет
PT-06;паттерн;*;chatter;*;A;факт;Дребезг: канал меняет состояние 3 и больше раз за минуту. Наладка канала: контакт, крепление, влага в коробке, задержка или гистерезис срабатывания, на каждую сработку не выезжать;прочее;72;служба связи и автоматики;дребезг по ISA-18.2 устраняется задержкой и зоной нечувствительности, повтор в 7 сут 56–100% (раздел 61);ISA-18.2, журнал;нет
PT-07;паттерн;fire;chatter;*;+;факт;Дребезг пожарного извещателя не снимает тревогу: выезд после таких эпизодов 28–37%;осмотр;0;диспетчер;раздел 61;журнал;нет
PT-08;паттерн;equipment;fleeting;*;A;факт;Одиночная сработка меньше минуты: проверить дистанционно (камера, соседние датчики), выезд — если повторится или подтвердится;осмотр;1;диспетчер;мимолётная тревога по ISA-18.2, выезд после неё 6–8%;ISA-18.2, журнал;нет
PT-08;паттерн;sensor;fleeting;*;A;факт;Одиночная сработка меньше минуты: проверить дистанционно (камера, соседние датчики), выезд — если повторится или подтвердится;осмотр;1;диспетчер;мимолётная тревога по ISA-18.2, выезд после неё 7–9%;ISA-18.2, журнал;нет
PT-08;паттерн;intrusion;fleeting;*;A;факт;Одиночная сработка меньше минуты: проверить дистанционно (камера, соседние датчики), выезд — если повторится или подтвердится;осмотр;1;диспетчер;мимолётная тревога по ISA-18.2, выезд после неё 4–8%;ISA-18.2, журнал;нет
PT-08;паттерн;flood;fleeting;*;A;факт;Одиночная сработка меньше минуты: проверить дистанционно (камера, уровень, насосы), выезд — если повторится или подтвердится;осмотр;1;диспетчер;мимолётная тревога по ISA-18.2, выезд после неё 9–13%;ISA-18.2, журнал;нет
PT-09;паттерн;*;sustained;*;A;факт;Сработки на 1–2 каналах идут дольше 5 мин: это не помеха — подтвердить на месте;осмотр;4;бригада ТО;устойчивый эпизод: у пожара выезд 26–27% против 0–5% у массового и нарастающего (раздел 61, на 10-й минуте и задним числом);журнал;нет
PT-10;паттерн;sensor;sustained;*;A;факт;Датчик выдаёт неисправность дольше 5 мин: заменить, а не перезапускать;замена датчика;24;бригада ТО;следующий отказ с того же канала 45–55% против 4–5% у массового (раздел 61);журнал;нет
PT-11;паттерн;equipment;sustained;*;A;факт;Агрегат выдаёт отказ дольше 5 мин: ремонт узла, а не перезапуск;ремонт оборудования;24;бригада ТО;следующий эпизод с того же агрегата 40–45% против 9–10% у массового (раздел 61);журнал;нет
PT-12;паттерн;*;standing;*;A;прогноз;Тревога прогноза стоит больше 7 суток: повторный выезд не нужен — объект в план ТО или на инженерный разбор, порог по объекту — к инженеру;прочее;168;инженер участка;стоящая тревога по ISA-18.2, липкая тревога сети (раздел 60);ISA-18.2, раздел 60;нет
CB-01;сочетание;fire;sensor;*;A;факт;Пожар вместе с отказами датчиков объекта в пределах часа: вероятна неисправность шлейфа или влага — проверить шлейф, но подтверждение пожара обязательно;осмотр;4;служба связи и автоматики;27–30% пожаров идут с отказами датчиков, выезд после них 11–12% против 16–17% (раздел 61);журнал;да
CB-02;сочетание;gas;equipment;*;A;факт;Газ вместе с отказом оборудования: сначала убедиться, что вентиляция работает, а если вентилятор неисправен — проветривание срочно;проветривание;0;диспетчер;58–68% эпизодов газа идут рядом с отказом оборудования (раздел 61), без вентиляции газ копится;журнал;да
CB-03;сочетание;flood;equipment;*;A;факт;Подтопление вместе с отказом оборудования: вода поднимается, потому что насос не откачивает — откачка передвижным насосом и ремонт насоса одним нарядом;откачка воды;1;бригада ТО;выезд 21% против 11% в 2026, в 2019–2024 разницы нет (раздел 61);журнал;да
CB-04;сочетание;equipment;flood;*;+;факт;Отказ оборудования при воде в отсеке: проверить, не затоплены ли насос и щит;осмотр;4;бригада ТО;раздел 61;журнал;нет
CB-05;сочетание;sensor;fire;*;+;факт;Отказы датчиков одновременно с пожарной тревогой: не выводить датчики в ремонт, пока тревога пожара не снята;прочее;0;диспетчер;раздел 61;журнал;нет
CB-06;сочетание;fire;sensor;*;A;прогноз;Прогноз пожара вместе с прогнозом отказа датчиков: вероятна тревога от неисправного шлейфа — при обходе начать со шлейфа, влаги и запылённости извещателей;осмотр;24;служба связи и автоматики;по факту 27–30% пожаров идут с отказами датчиков и подтверждаются реже (раздел 61);журнал;да
CB-07;сочетание;flood;equipment;*;A;прогноз;Прогноз подтопления вместе с прогнозом отказа оборудования: первым проверить насосы АНС, резервный насос и питание щита — вода опасна, если насос откажет;осмотр;24;бригада ТО;по факту подтопление с отказом оборудования — выезд 21% против 11% (раздел 61);журнал;да
CB-08;сочетание;gas;equipment;*;A;прогноз;Прогноз газа вместе с прогнозом отказа оборудования: при обходе проверить вентиляторы отсека и их питание;осмотр;24;бригада ТО;по факту 58–68% эпизодов газа идут рядом с отказом оборудования (раздел 61);журнал;да
CB-09;сочетание;equipment;flood;*;+;прогноз;Отказ оборудования в прогнозе вместе с подтоплением: насосы в приоритете обхода;осмотр;24;бригада ТО;раздел 61;журнал;нет
