тип;стадия;эпизодов;p7;p30;медиана_до_следующего_сут;период
equipment;R0;307;0.586;0.827;4.6;2019–2024
equipment;R1;959;0.611;0.904;4.3;2019–2024
equipment;R2;4886;0.770;0.976;2.5;2019–2024
equipment;R3;7000;0.931;0.997;0.9;2019–2024
fire;R0;657;0.307;0.437;44.0;2019–2024
fire;R1;584;0.489;0.690;7.6;2019–2024
fire;R2;902;0.714;0.907;1.9;2019–2024
fire;R3;443;0.849;0.971;1.0;2019–2024
flood;R0;343;0.434;0.587;15.1;2019–2024
flood;R1;460;0.487;0.715;7.3;2019–2024
flood;R2;633;0.709;0.913;2.1;2019–2024
flood;R3;14475;0.996;0.999;0.1;2019–2024
gas;R0;247;0.393;0.628;15.0;2019–2024
gas;R1;285;0.456;0.653;8.8;2019–2024
gas;R2;189;0.598;0.720;4.0;2019–2024
gas;R3;13;0.615;0.769;1.8;2019–2024
intrusion;R0;128;0.205;0.352;175.3;2019–2024
intrusion;R1;71;0.362;0.551;22.0;2019–2024
intrusion;R2;59;0.780;0.864;0.8;2019–2024
intrusion;R3;564;0.991;0.996;0.2;2019–2024
sensor;R0;596;0.316;0.497;31.6;2019–2024
sensor;R1;615;0.473;0.707;8.1;2019–2024
sensor;R2;955;0.734;0.908;1.6;2019–2024
sensor;R3;435;0.857;0.952;0.5;2019–2024
