work_id;object_id;work_kind;incident_types;removed_sensor;starts_at;ends_at;source;comment
1;4068;ППР датчиков метана;gas;Газовый датчик;2026-01-12 00:00;2026-01-28 00:00;организатор;Объект 1 графика ППР, датчиков 56, в метрологии 13.01–22.01. Объект 2 графика ТО АКМ и ДУ, ТО в месяцы 1 3 5 7 9 11
2;3218;ППР датчиков метана;gas;Газовый датчик;2026-01-12 00:00;2026-01-29 00:00;организатор;Объект 2 графика ППР, датчиков 13, в метрологии 13.01–22.01. Объект 4 графика ТО АКМ и ДУ, ТО в месяцы 1 3 5 7 9 11
3;8;ППР датчиков метана;gas;Газовый датчик;2026-01-29 00:00;2026-02-13 00:00;организатор;Объект 3 графика ППР, датчиков 62, в метрологии 30.01–09.02. Объект 3 графика ТО АКМ и ДУ, ТО в месяцы 2 5 8 11
4;;ППР датчиков метана;gas;Газовый датчик;2026-02-13 00:00;2026-02-28 00:00;организатор;Объект 4 графика ППР, датчиков 47, в метрологии 16.02–24.02. Объект 8 графика ТО АКМ и ДУ, ТО в месяцы 2 4 6 8 10 12. Пара в журнале не найдена
5;3355;ППР датчиков метана;gas;Газовый датчик;2026-03-02 00:00;2026-03-20 00:00;организатор;Объект 5 графика ППР, датчиков 102, в метрологии 03.03–13.03. Объект 16 графика ТО АКМ и ДУ, ТО в месяцы 1 3 5 7 9 11
6;4356;ППР датчиков метана;gas;Газовый датчик;2026-03-23 00:00;2026-04-09 00:00;организатор;Объект 6 графика ППР, датчиков 34, в метрологии 24.03–03.04. Объект 5 графика ТО АКМ и ДУ, ТО в месяцы 1 4 7 10
7;;ППР датчиков метана;gas;Газовый датчик;2026-03-23 00:00;2026-04-09 00:00;организатор;Объект 7 графика ППР, датчиков 12, в метрологии 24.03–03.04. Объект 6 графика ТО АКМ и ДУ, ТО в месяцы 2 4 6 8 10 12. Пара в журнале не найдена
8;4573;ППР датчиков метана;gas;Газовый датчик;2026-04-09 00:00;2026-04-23 00:00;организатор;Объект 8 графика ППР, датчиков 101, в метрологии 10.04–17.04. Объект 7 графика ТО АКМ и ДУ, ТО в месяцы 2 4 6 8 10 12
9;3828;ППР датчиков метана;gas;Газовый датчик;2026-04-23 00:00;2026-05-15 00:00;организатор;Объект 9 графика ППР, датчиков 40, в метрологии 24.04–07.05. Объект 9 графика ТО АКМ и ДУ, ТО в месяцы 2 5 8 11
10;6;ППР датчиков метана;gas;Газовый датчик;2026-05-15 00:00;2026-05-30 00:00;организатор;Объект 10 графика ППР, датчиков 6, в метрологии 18.05–26.05. Объект 11 графика ТО АКМ и ДУ, ТО в месяцы 1 3 5 7 9 11
11;;ППР датчиков метана;gas;Газовый датчик;2026-05-15 00:00;2026-05-30 00:00;организатор;Объект 11 графика ППР, датчиков 8, в метрологии 18.05–26.05. Объект 11 графика ТО АКМ и ДУ, ТО в месяцы 1 3 5 7 9 11. Пара в журнале не найдена
12;;ППР датчиков метана;gas;Газовый датчик;2026-05-15 00:00;2026-05-30 00:00;организатор;Объект 12 графика ППР, датчиков 21, в метрологии 18.05–26.05. Объект 12 графика ТО АКМ и ДУ, ТО в месяцы 1 3 5 7 9 11. Пара в журнале не найдена
13;;ППР датчиков метана;gas;Газовый датчик;2026-05-15 00:00;2026-05-30 00:00;организатор;Объект 13 графика ППР, датчиков 21, в метрологии 18.05–26.05. Объект 13 графика ТО АКМ и ДУ, ТО в месяцы 1 3 5 7 9 11. Пара в журнале не найдена
14;15;ППР датчиков метана;gas;Газовый датчик;2026-06-04 00:00;2026-06-30 00:00;организатор;Объект 14 графика ППР, датчиков 33, в метрологии 05.06–18.06. Объект 14 графика ТО АКМ и ДУ, ТО в месяцы 3 6 9 12
15;3359;ППР датчиков метана;gas;Газовый датчик;2026-07-02 00:00;2026-07-24 00:00;организатор;Объект 15 графика ППР, датчиков 41, в метрологии 03.07–16.07. Объект 15 графика ТО АКМ и ДУ, ТО в месяцы 1 4 7 10
16;;ППР датчиков метана;gas;Газовый датчик;2026-07-28 00:00;2026-08-20 00:00;организатор;Объект 16 графика ППР, датчиков 95, в метрологии 29.07–14.08. Объект 23 графика ТО АКМ и ДУ, ТО в месяцы 2 4 6 8 10 12. Пара в журнале не найдена
17;9;ППР датчиков метана;gas;Газовый датчик;2026-07-28 00:00;2026-08-22 00:00;организатор;Объект 17 графика ППР, датчиков 22, в метрологии 29.07–14.08. Объект 23 графика ТО АКМ и ДУ, ТО в месяцы 2 4 6 8 10 12
18;;ППР датчиков метана;gas;Газовый датчик;2026-08-24 00:00;2026-09-11 00:00;организатор;Объект 18 графика ППР, датчиков 21, в метрологии 25.08–04.09. Объект 17 графика ТО АКМ и ДУ, ТО в месяцы 3 6 9 12. Пара в журнале не найдена
19;;ППР датчиков метана;gas;Газовый датчик;2026-08-24 00:00;2026-09-11 00:00;организатор;Объект 19 графика ППР, датчиков 5, в метрологии 25.08–04.09. Объект 17 графика ТО АКМ и ДУ, ТО в месяцы 3 6 9 12. Пара в журнале не найдена
20;11;ППР датчиков метана;gas;Газовый датчик;2026-09-15 00:00;2026-10-08 00:00;организатор;Объект 20 графика ППР, датчиков 79, в метрологии 16.09–30.09. Объект 18 графика ТО АКМ и ДУ, ТО в месяцы 1 4 7 10
21;;ППР датчиков метана;gas;Газовый датчик;2026-09-15 00:00;2026-10-09 00:00;организатор;Объект 21 графика ППР, датчиков 17, в метрологии 16.09–30.09. Объект 19 графика ТО АКМ и ДУ, ТО в месяцы 1 4 7 10. Пара в журнале не найдена
22;12;ППР датчиков метана;gas;Газовый датчик;2026-10-13 00:00;2026-10-30 00:00;организатор;Объект 22 графика ППР, датчиков 22, в метрологии 14.10–23.10. Объект 20 графика ТО АКМ и ДУ, ТО в месяцы 2 4 6 8 10 12
23;;ППР датчиков метана;gas;Газовый датчик;2026-10-13 00:00;2026-10-30 00:00;организатор;Объект 23 графика ППР, датчиков 36, в метрологии 14.10–23.10. Объект 21 графика ТО АКМ и ДУ, ТО в месяцы 1 4 7 10. Пара в журнале не найдена
24;;ППР датчиков метана;gas;Газовый датчик;2026-10-13 00:00;2026-10-30 00:00;организатор;Объект 24 графика ППР, датчиков 4, в метрологии 14.10–23.10. Объект 22 графика ТО АКМ и ДУ, ТО в месяцы 1 4 7 10. Пара в журнале не найдена
25;5;ППР датчиков метана;gas;Газовый датчик;2026-11-05 00:00;2026-11-26 00:00;организатор;Объект 25 графика ППР, датчиков 55, в метрологии 06.11–19.11. Объект 1 графика ТО АКМ и ДУ, ТО в месяцы 2 5 8 11
26;5327;ППР датчиков метана;gas;Газовый датчик;2026-12-02 00:00;2026-12-23 00:00;организатор;Объект 26 графика ППР, датчиков 55, в метрологии 03.12–17.12. Объект 24 графика ТО АКМ и ДУ, ТО в месяцы 3 6 9 12
