user_id,login,object_id,assigned_by,assigned_at,note
b7317871-3b06-5569-aafa-955a29026be6,disp.a1,5,e310dc41-0f36-5ef6-8381-41786f5c613e,2026-09-27T00:00:00+03:00,дежурство: участки 1–2
b7317871-3b06-5569-aafa-955a29026be6,disp.a1,6,e310dc41-0f36-5ef6-8381-41786f5c613e,2026-09-27T00:00:00+03:00,дежурство: участки 1–2
b7317871-3b06-5569-aafa-955a29026be6,disp.a1,7,e310dc41-0f36-5ef6-8381-41786f5c613e,2026-09-27T00:00:00+03:00,дежурство: участки 1–2
b7317871-3b06-5569-aafa-955a29026be6,disp.a1,8,e310dc41-0f36-5ef6-8381-41786f5c613e,2026-09-27T00:00:00+03:00,дежурство: участки 1–2
b7317871-3b06-5569-aafa-955a29026be6,disp.a1,9,e310dc41-0f36-5ef6-8381-41786f5c613e,2026-09-27T00:00:00+03:00,дежурство: участки 1–2
b7317871-3b06-5569-aafa-955a29026be6,disp.a1,11,e310dc41-0f36-5ef6-8381-41786f5c613e,2026-09-27T00:00:00+03:00,дежурство: участки 1–2
b7317871-3b06-5569-aafa-955a29026be6,disp.a1,12,e310dc41-0f36-5ef6-8381-41786f5c613e,2026-09-27T00:00:00+03:00,дежурство: участки 1–2
b7317871-3b06-5569-aafa-955a29026be6,disp.a1,15,e310dc41-0f36-5ef6-8381-41786f5c613e,2026-09-27T00:00:00+03:00,дежурство: участки 1–2
b6737b90-5f95-5dc6-a35b-4e7968042c3e,disp.a2,3218,e310dc41-0f36-5ef6-8381-41786f5c613e,2026-09-27T00:00:00+03:00,дежурство: участки 3–4
b6737b90-5f95-5dc6-a35b-4e7968042c3e,disp.a2,3355,e310dc41-0f36-5ef6-8381-41786f5c613e,2026-09-27T00:00:00+03:00,дежурство: участки 3–4
b6737b90-5f95-5dc6-a35b-4e7968042c3e,disp.a2,3359,e310dc41-0f36-5ef6-8381-41786f5c613e,2026-09-27T00:00:00+03:00,дежурство: участки 3–4
b6737b90-5f95-5dc6-a35b-4e7968042c3e,disp.a2,3828,e310dc41-0f36-5ef6-8381-41786f5c613e,2026-09-27T00:00:00+03:00,дежурство: участки 3–4
b6737b90-5f95-5dc6-a35b-4e7968042c3e,disp.a2,4068,e310dc41-0f36-5ef6-8381-41786f5c613e,2026-09-27T00:00:00+03:00,дежурство: участки 3–4
b6737b90-5f95-5dc6-a35b-4e7968042c3e,disp.a2,4356,e310dc41-0f36-5ef6-8381-41786f5c613e,2026-09-27T00:00:00+03:00,дежурство: участки 3–4
b6737b90-5f95-5dc6-a35b-4e7968042c3e,disp.a2,4573,e310dc41-0f36-5ef6-8381-41786f5c613e,2026-09-27T00:00:00+03:00,дежурство: участки 3–4
b6737b90-5f95-5dc6-a35b-4e7968042c3e,disp.a2,5327,e310dc41-0f36-5ef6-8381-41786f5c613e,2026-09-27T00:00:00+03:00,дежурство: участки 3–4
251bbd3c-ab1d-5814-aae5-dd12c9b56761,disp.b1,5,e310dc41-0f36-5ef6-8381-41786f5c613e,2026-09-27T00:00:00+03:00,дежурство: участки 1–2
251bbd3c-ab1d-5814-aae5-dd12c9b56761,disp.b1,6,e310dc41-0f36-5ef6-8381-41786f5c613e,2026-09-27T00:00:00+03:00,дежурство: участки 1–2
251bbd3c-ab1d-5814-aae5-dd12c9b56761,disp.b1,7,e310dc41-0f36-5ef6-8381-41786f5c613e,2026-09-27T00:00:00+03:00,дежурство: участки 1–2
251bbd3c-ab1d-5814-aae5-dd12c9b56761,disp.b1,8,e310dc41-0f36-5ef6-8381-41786f5c613e,2026-09-27T00:00:00+03:00,дежурство: участки 1–2
251bbd3c-ab1d-5814-aae5-dd12c9b56761,disp.b1,9,e310dc41-0f36-5ef6-8381-41786f5c613e,2026-09-27T00:00:00+03:00,дежурство: участки 1–2
251bbd3c-ab1d-5814-aae5-dd12c9b56761,disp.b1,11,e310dc41-0f36-5ef6-8381-41786f5c613e,2026-09-27T00:00:00+03:00,дежурство: участки 1–2
251bbd3c-ab1d-5814-aae5-dd12c9b56761,disp.b1,12,e310dc41-0f36-5ef6-8381-41786f5c613e,2026-09-27T00:00:00+03:00,дежурство: участки 1–2
251bbd3c-ab1d-5814-aae5-dd12c9b56761,disp.b1,15,e310dc41-0f36-5ef6-8381-41786f5c613e,2026-09-27T00:00:00+03:00,дежурство: участки 1–2
9eddc0ec-9870-546e-b93e-b9368564e712,disp.b2,3218,e310dc41-0f36-5ef6-8381-41786f5c613e,2026-09-27T00:00:00+03:00,дежурство: участки 3–4
9eddc0ec-9870-546e-b93e-b9368564e712,disp.b2,3355,e310dc41-0f36-5ef6-8381-41786f5c613e,2026-09-27T00:00:00+03:00,дежурство: участки 3–4
9eddc0ec-9870-546e-b93e-b9368564e712,disp.b2,3359,e310dc41-0f36-5ef6-8381-41786f5c613e,2026-09-27T00:00:00+03:00,дежурство: участки 3–4
9eddc0ec-9870-546e-b93e-b9368564e712,disp.b2,3828,e310dc41-0f36-5ef6-8381-41786f5c613e,2026-09-27T00:00:00+03:00,дежурство: участки 3–4
9eddc0ec-9870-546e-b93e-b9368564e712,disp.b2,4068,e310dc41-0f36-5ef6-8381-41786f5c613e,2026-09-27T00:00:00+03:00,дежурство: участки 3–4
9eddc0ec-9870-546e-b93e-b9368564e712,disp.b2,4356,e310dc41-0f36-5ef6-8381-41786f5c613e,2026-09-27T00:00:00+03:00,дежурство: участки 3–4
9eddc0ec-9870-546e-b93e-b9368564e712,disp.b2,4573,e310dc41-0f36-5ef6-8381-41786f5c613e,2026-09-27T00:00:00+03:00,дежурство: участки 3–4
9eddc0ec-9870-546e-b93e-b9368564e712,disp.b2,5327,e310dc41-0f36-5ef6-8381-41786f5c613e,2026-09-27T00:00:00+03:00,дежурство: участки 3–4
e09f40ce-19c8-503a-9e72-21be8a811cea,disp.v1,5,e310dc41-0f36-5ef6-8381-41786f5c613e,2026-09-27T00:00:00+03:00,дежурство: участки 1–2
e09f40ce-19c8-503a-9e72-21be8a811cea,disp.v1,6,e310dc41-0f36-5ef6-8381-41786f5c613e,2026-09-27T00:00:00+03:00,дежурство: участки 1–2
e09f40ce-19c8-503a-9e72-21be8a811cea,disp.v1,7,e310dc41-0f36-5ef6-8381-41786f5c613e,2026-09-27T00:00:00+03:00,дежурство: участки 1–2
e09f40ce-19c8-503a-9e72-21be8a811cea,disp.v1,8,e310dc41-0f36-5ef6-8381-41786f5c613e,2026-09-27T00:00:00+03:00,дежурство: участки 1–2
e09f40ce-19c8-503a-9e72-21be8a811cea,disp.v1,9,e310dc41-0f36-5ef6-8381-41786f5c613e,2026-09-27T00:00:00+03:00,дежурство: участки 1–2
e09f40ce-19c8-503a-9e72-21be8a811cea,disp.v1,11,e310dc41-0f36-5ef6-8381-41786f5c613e,2026-09-27T00:00:00+03:00,дежурство: участки 1–2
e09f40ce-19c8-503a-9e72-21be8a811cea,disp.v1,12,e310dc41-0f36-5ef6-8381-41786f5c613e,2026-09-27T00:00:00+03:00,дежурство: участки 1–2
e09f40ce-19c8-503a-9e72-21be8a811cea,disp.v1,15,e310dc41-0f36-5ef6-8381-41786f5c613e,2026-09-27T00:00:00+03:00,дежурство: участки 1–2
32f1be7e-da50-54a7-97b8-7b2f053c6357,disp.v2,3218,e310dc41-0f36-5ef6-8381-41786f5c613e,2026-09-27T00:00:00+03:00,дежурство: участки 3–4
32f1be7e-da50-54a7-97b8-7b2f053c6357,disp.v2,3355,e310dc41-0f36-5ef6-8381-41786f5c613e,2026-09-27T00:00:00+03:00,дежурство: участки 3–4
32f1be7e-da50-54a7-97b8-7b2f053c6357,disp.v2,3359,e310dc41-0f36-5ef6-8381-41786f5c613e,2026-09-27T00:00:00+03:00,дежурство: участки 3–4
32f1be7e-da50-54a7-97b8-7b2f053c6357,disp.v2,3828,e310dc41-0f36-5ef6-8381-41786f5c613e,2026-09-27T00:00:00+03:00,дежурство: участки 3–4
32f1be7e-da50-54a7-97b8-7b2f053c6357,disp.v2,4068,e310dc41-0f36-5ef6-8381-41786f5c613e,2026-09-27T00:00:00+03:00,дежурство: участки 3–4
32f1be7e-da50-54a7-97b8-7b2f053c6357,disp.v2,4356,e310dc41-0f36-5ef6-8381-41786f5c613e,2026-09-27T00:00:00+03:00,дежурство: участки 3–4
32f1be7e-da50-54a7-97b8-7b2f053c6357,disp.v2,4573,e310dc41-0f36-5ef6-8381-41786f5c613e,2026-09-27T00:00:00+03:00,дежурство: участки 3–4
32f1be7e-da50-54a7-97b8-7b2f053c6357,disp.v2,5327,e310dc41-0f36-5ef6-8381-41786f5c613e,2026-09-27T00:00:00+03:00,дежурство: участки 3–4
a2c4c691-7957-59c3-9ed3-d262a838fdea,disp.g1,5,e310dc41-0f36-5ef6-8381-41786f5c613e,2026-09-27T00:00:00+03:00,дежурство: участки 1–2
a2c4c691-7957-59c3-9ed3-d262a838fdea,disp.g1,6,e310dc41-0f36-5ef6-8381-41786f5c613e,2026-09-27T00:00:00+03:00,дежурство: участки 1–2
a2c4c691-7957-59c3-9ed3-d262a838fdea,disp.g1,7,e310dc41-0f36-5ef6-8381-41786f5c613e,2026-09-27T00:00:00+03:00,дежурство: участки 1–2
a2c4c691-7957-59c3-9ed3-d262a838fdea,disp.g1,8,e310dc41-0f36-5ef6-8381-41786f5c613e,2026-09-27T00:00:00+03:00,дежурство: участки 1–2
a2c4c691-7957-59c3-9ed3-d262a838fdea,disp.g1,9,e310dc41-0f36-5ef6-8381-41786f5c613e,2026-09-27T00:00:00+03:00,дежурство: участки 1–2
a2c4c691-7957-59c3-9ed3-d262a838fdea,disp.g1,11,e310dc41-0f36-5ef6-8381-41786f5c613e,2026-09-27T00:00:00+03:00,дежурство: участки 1–2
a2c4c691-7957-59c3-9ed3-d262a838fdea,disp.g1,12,e310dc41-0f36-5ef6-8381-41786f5c613e,2026-09-27T00:00:00+03:00,дежурство: участки 1–2
a2c4c691-7957-59c3-9ed3-d262a838fdea,disp.g1,15,e310dc41-0f36-5ef6-8381-41786f5c613e,2026-09-27T00:00:00+03:00,дежурство: участки 1–2
eda3f9ab-3a81-5af0-b5f9-4a04ad079a4c,disp.g2,3218,e310dc41-0f36-5ef6-8381-41786f5c613e,2026-09-27T00:00:00+03:00,дежурство: участки 3–4
eda3f9ab-3a81-5af0-b5f9-4a04ad079a4c,disp.g2,3355,e310dc41-0f36-5ef6-8381-41786f5c613e,2026-09-27T00:00:00+03:00,дежурство: участки 3–4
eda3f9ab-3a81-5af0-b5f9-4a04ad079a4c,disp.g2,3359,e310dc41-0f36-5ef6-8381-41786f5c613e,2026-09-27T00:00:00+03:00,дежурство: участки 3–4
eda3f9ab-3a81-5af0-b5f9-4a04ad079a4c,disp.g2,3828,e310dc41-0f36-5ef6-8381-41786f5c613e,2026-09-27T00:00:00+03:00,дежурство: участки 3–4
eda3f9ab-3a81-5af0-b5f9-4a04ad079a4c,disp.g2,4068,e310dc41-0f36-5ef6-8381-41786f5c613e,2026-09-27T00:00:00+03:00,дежурство: участки 3–4
eda3f9ab-3a81-5af0-b5f9-4a04ad079a4c,disp.g2,4356,e310dc41-0f36-5ef6-8381-41786f5c613e,2026-09-27T00:00:00+03:00,дежурство: участки 3–4
eda3f9ab-3a81-5af0-b5f9-4a04ad079a4c,disp.g2,4573,e310dc41-0f36-5ef6-8381-41786f5c613e,2026-09-27T00:00:00+03:00,дежурство: участки 3–4
eda3f9ab-3a81-5af0-b5f9-4a04ad079a4c,disp.g2,5327,e310dc41-0f36-5ef6-8381-41786f5c613e,2026-09-27T00:00:00+03:00,дежурство: участки 3–4
ff775674-a3e5-5238-8314-4c77413453a7,line.5.1,5,e310dc41-0f36-5ef6-8381-41786f5c613e,2026-09-27T00:00:00+03:00,своя трасса
d284ac05-bd60-5331-89e2-ddb9eadb3446,line.5.2,5,e310dc41-0f36-5ef6-8381-41786f5c613e,2026-09-27T00:00:00+03:00,своя трасса
73480333-36f5-5b46-a6fb-9df043e58cd1,line.5.3,5,e310dc41-0f36-5ef6-8381-41786f5c613e,2026-09-27T00:00:00+03:00,своя трасса
c94664bf-6632-5b71-a048-534919c9ce47,line.5.4,5,e310dc41-0f36-5ef6-8381-41786f5c613e,2026-09-27T00:00:00+03:00,своя трасса
7935a47c-7b13-5970-b20c-5383ddef0481,line.6.1,6,e310dc41-0f36-5ef6-8381-41786f5c613e,2026-09-27T00:00:00+03:00,своя трасса
aa0ca2c3-496b-5d0c-9b41-5302feb5bb95,line.6.2,6,e310dc41-0f36-5ef6-8381-41786f5c613e,2026-09-27T00:00:00+03:00,своя трасса
5db42de1-982b-5a25-93c7-8520d36a4e6f,line.6.3,6,e310dc41-0f36-5ef6-8381-41786f5c613e,2026-09-27T00:00:00+03:00,своя трасса
0ce8d534-7f47-57d7-8cd1-897a5f449942,line.7.1,7,e310dc41-0f36-5ef6-8381-41786f5c613e,2026-09-27T00:00:00+03:00,своя трасса
243f6a1c-51d3-5a93-8720-d6f36126e062,line.7.2,7,e310dc41-0f36-5ef6-8381-41786f5c613e,2026-09-27T00:00:00+03:00,своя трасса
df8be037-d1b2-5f1f-826e-25e0b26ce527,line.7.3,7,e310dc41-0f36-5ef6-8381-41786f5c613e,2026-09-27T00:00:00+03:00,своя трасса
793ae138-a0b7-5e33-9836-ef6858f573a0,line.7.4,7,e310dc41-0f36-5ef6-8381-41786f5c613e,2026-09-27T00:00:00+03:00,своя трасса
39e72091-9886-5c62-ad91-82dcca5ff797,line.8.1,8,e310dc41-0f36-5ef6-8381-41786f5c613e,2026-09-27T00:00:00+03:00,своя трасса
48fc5274-ac45-5b11-83a6-54822f185453,line.8.2,8,e310dc41-0f36-5ef6-8381-41786f5c613e,2026-09-27T00:00:00+03:00,своя трасса
7d554034-8d5d-5238-a10c-8ad54eb0c9d4,line.8.3,8,e310dc41-0f36-5ef6-8381-41786f5c613e,2026-09-27T00:00:00+03:00,своя трасса
83cd7f2b-f6ed-50c8-9850-a6581ffecfc3,line.8.4,8,e310dc41-0f36-5ef6-8381-41786f5c613e,2026-09-27T00:00:00+03:00,своя трасса
cd91e603-1d87-5862-af0a-51f4ebd20a19,line.9.1,9,e310dc41-0f36-5ef6-8381-41786f5c613e,2026-09-27T00:00:00+03:00,своя трасса
b3bab9fc-9e93-555d-b794-fe2662d3ccd1,line.9.2,9,e310dc41-0f36-5ef6-8381-41786f5c613e,2026-09-27T00:00:00+03:00,своя трасса
fe8b0304-d986-5d84-89b7-2a6ef6642a6f,line.9.3,9,e310dc41-0f36-5ef6-8381-41786f5c613e,2026-09-27T00:00:00+03:00,своя трасса
e3d3be9c-86a7-5ef1-bcfb-ade341eb8486,line.9.4,9,e310dc41-0f36-5ef6-8381-41786f5c613e,2026-09-27T00:00:00+03:00,своя трасса
6a900527-ee90-5a2a-82ad-c7c38ad877bc,line.11.1,11,e310dc41-0f36-5ef6-8381-41786f5c613e,2026-09-27T00:00:00+03:00,своя трасса
d0e595a2-8f87-5398-926e-2443c6093194,line.11.2,11,e310dc41-0f36-5ef6-8381-41786f5c613e,2026-09-27T00:00:00+03:00,своя трасса
d15fc7dc-0568-56a0-842e-e7889c60b90c,line.11.3,11,e310dc41-0f36-5ef6-8381-41786f5c613e,2026-09-27T00:00:00+03:00,своя трасса
2ff1a07c-e68d-5a31-bfa8-216bdd7f85a1,line.12.1,12,e310dc41-0f36-5ef6-8381-41786f5c613e,2026-09-27T00:00:00+03:00,своя трасса
588d7735-918c-5c08-a3c6-d28d726282d5,line.12.2,12,e310dc41-0f36-5ef6-8381-41786f5c613e,2026-09-27T00:00:00+03:00,своя трасса
ea5d99a5-6e78-57f0-8008-ec2241ac037b,line.12.3,12,e310dc41-0f36-5ef6-8381-41786f5c613e,2026-09-27T00:00:00+03:00,своя трасса
69ad88b9-5979-5a80-a9ec-bc69a9cfb325,line.15.1,15,e310dc41-0f36-5ef6-8381-41786f5c613e,2026-09-27T00:00:00+03:00,своя трасса
38b83b16-57cc-560f-932b-432af6999983,line.15.2,15,e310dc41-0f36-5ef6-8381-41786f5c613e,2026-09-27T00:00:00+03:00,своя трасса
0d75f5cf-56ee-55b2-b70c-568517fff7cc,line.15.3,15,e310dc41-0f36-5ef6-8381-41786f5c613e,2026-09-27T00:00:00+03:00,своя трасса
cec1fe28-063c-57e9-ab67-cb875af596b2,line.3218.1,3218,e310dc41-0f36-5ef6-8381-41786f5c613e,2026-09-27T00:00:00+03:00,своя трасса
d0567d39-a3be-52cb-b9c6-3a9de23a38be,line.3218.2,3218,e310dc41-0f36-5ef6-8381-41786f5c613e,2026-09-27T00:00:00+03:00,своя трасса
dfbaac22-bb9b-5387-8c3b-52520574e0e6,line.3218.3,3218,e310dc41-0f36-5ef6-8381-41786f5c613e,2026-09-27T00:00:00+03:00,своя трасса
e1ae52ea-b52a-523b-acc5-46e2902b5da9,line.3218.4,3218,e310dc41-0f36-5ef6-8381-41786f5c613e,2026-09-27T00:00:00+03:00,своя трасса
04a962c8-3e69-57db-9a69-a8c6095bad9c,line.3355.1,3355,e310dc41-0f36-5ef6-8381-41786f5c613e,2026-09-27T00:00:00+03:00,своя трасса
27c1dabe-f45b-50c7-b646-6fe386061788,line.3355.2,3355,e310dc41-0f36-5ef6-8381-41786f5c613e,2026-09-27T00:00:00+03:00,своя трасса
f0335239-d512-58e3-a023-a40ebb9831b0,line.3355.3,3355,e310dc41-0f36-5ef6-8381-41786f5c613e,2026-09-27T00:00:00+03:00,своя трасса
8578c5a1-60b1-5722-aef8-a6be4a50955e,line.3359.1,3359,e310dc41-0f36-5ef6-8381-41786f5c613e,2026-09-27T00:00:00+03:00,своя трасса
8b01e896-f66f-53db-a820-1ffb6422bf3e,line.3359.2,3359,e310dc41-0f36-5ef6-8381-41786f5c613e,2026-09-27T00:00:00+03:00,своя трасса
a62dd0f9-e986-5d8b-b0e5-343e05fdb207,line.3359.3,3359,e310dc41-0f36-5ef6-8381-41786f5c613e,2026-09-27T00:00:00+03:00,своя трасса
e7930eda-fb83-519b-b76c-f1680787f798,line.3359.4,3359,e310dc41-0f36-5ef6-8381-41786f5c613e,2026-09-27T00:00:00+03:00,своя трасса
cff0ea43-d0d6-5d79-9b1f-81f2d02458ff,line.3828.1,3828,e310dc41-0f36-5ef6-8381-41786f5c613e,2026-09-27T00:00:00+03:00,своя трасса
01e7b82e-8233-5fd0-829d-51b278f4f775,line.3828.2,3828,e310dc41-0f36-5ef6-8381-41786f5c613e,2026-09-27T00:00:00+03:00,своя трасса
06566cb3-2d86-5830-8fb7-5ea7bc034df8,line.3828.3,3828,e310dc41-0f36-5ef6-8381-41786f5c613e,2026-09-27T00:00:00+03:00,своя трасса
b0388a00-a027-57ec-b22c-32111efdc6ce,line.3828.4,3828,e310dc41-0f36-5ef6-8381-41786f5c613e,2026-09-27T00:00:00+03:00,своя трасса
75ea6cd3-73e2-5205-b4dc-c9432b2865a8,line.4068.1,4068,e310dc41-0f36-5ef6-8381-41786f5c613e,2026-09-27T00:00:00+03:00,своя трасса
d4eeb282-c7e3-57ef-a31f-dc34e8663270,line.4068.2,4068,e310dc41-0f36-5ef6-8381-41786f5c613e,2026-09-27T00:00:00+03:00,своя трасса
9ac883f3-05df-5e2e-b83d-0dc8eb3b8821,line.4068.3,4068,e310dc41-0f36-5ef6-8381-41786f5c613e,2026-09-27T00:00:00+03:00,своя трасса
196ecd7c-46a2-5d03-9bac-03633ce35d92,line.4068.4,4068,e310dc41-0f36-5ef6-8381-41786f5c613e,2026-09-27T00:00:00+03:00,своя трасса
9628ca00-2d8e-5fc2-bb1f-41c3cc9ed708,line.4356.1,4356,e310dc41-0f36-5ef6-8381-41786f5c613e,2026-09-27T00:00:00+03:00,своя трасса
c4da2f22-5c6f-5e23-9661-ab3c4ac9ca10,line.4356.2,4356,e310dc41-0f36-5ef6-8381-41786f5c613e,2026-09-27T00:00:00+03:00,своя трасса
e3c8aa62-9e41-5e5e-9101-5226ba1111b3,line.4356.3,4356,e310dc41-0f36-5ef6-8381-41786f5c613e,2026-09-27T00:00:00+03:00,своя трасса
e0404ecf-df25-5edf-9318-43d7df2fc5b5,line.4356.4,4356,e310dc41-0f36-5ef6-8381-41786f5c613e,2026-09-27T00:00:00+03:00,своя трасса
01846983-202b-5471-ada4-562823e0e899,line.4573.1,4573,e310dc41-0f36-5ef6-8381-41786f5c613e,2026-09-27T00:00:00+03:00,своя трасса
e1f8cd84-8328-5ab7-976a-5ea9a092452e,line.4573.2,4573,e310dc41-0f36-5ef6-8381-41786f5c613e,2026-09-27T00:00:00+03:00,своя трасса
fcfdb5f5-fee6-50fa-8996-c7aa66041a98,line.4573.3,4573,e310dc41-0f36-5ef6-8381-41786f5c613e,2026-09-27T00:00:00+03:00,своя трасса
de31279e-d17e-5f5e-86ef-a31ea84318a8,line.5327.1,5327,e310dc41-0f36-5ef6-8381-41786f5c613e,2026-09-27T00:00:00+03:00,своя трасса
29749fc2-1b92-532f-a2ff-007e45f88932,line.5327.2,5327,e310dc41-0f36-5ef6-8381-41786f5c613e,2026-09-27T00:00:00+03:00,своя трасса
66c5c970-ae15-5f7e-9a23-719745c8b7cc,line.5327.3,5327,e310dc41-0f36-5ef6-8381-41786f5c613e,2026-09-27T00:00:00+03:00,своя трасса
1e1b4c7b-5e61-5046-a8e5-65cc38df8059,site.1,5,e310dc41-0f36-5ef6-8381-41786f5c613e,2026-09-27T00:00:00+03:00,коллекторы участка
1e1b4c7b-5e61-5046-a8e5-65cc38df8059,site.1,6,e310dc41-0f36-5ef6-8381-41786f5c613e,2026-09-27T00:00:00+03:00,коллекторы участка
1e1b4c7b-5e61-5046-a8e5-65cc38df8059,site.1,7,e310dc41-0f36-5ef6-8381-41786f5c613e,2026-09-27T00:00:00+03:00,коллекторы участка
1e1b4c7b-5e61-5046-a8e5-65cc38df8059,site.1,8,e310dc41-0f36-5ef6-8381-41786f5c613e,2026-09-27T00:00:00+03:00,коллекторы участка
59f509c9-5039-55fa-ac29-35de6cce5c5c,site.2,9,e310dc41-0f36-5ef6-8381-41786f5c613e,2026-09-27T00:00:00+03:00,коллекторы участка
59f509c9-5039-55fa-ac29-35de6cce5c5c,site.2,11,e310dc41-0f36-5ef6-8381-41786f5c613e,2026-09-27T00:00:00+03:00,коллекторы участка
59f509c9-5039-55fa-ac29-35de6cce5c5c,site.2,12,e310dc41-0f36-5ef6-8381-41786f5c613e,2026-09-27T00:00:00+03:00,коллекторы участка
59f509c9-5039-55fa-ac29-35de6cce5c5c,site.2,15,e310dc41-0f36-5ef6-8381-41786f5c613e,2026-09-27T00:00:00+03:00,коллекторы участка
616720c9-1990-559d-929a-c52b4411bf6b,site.3,3218,e310dc41-0f36-5ef6-8381-41786f5c613e,2026-09-27T00:00:00+03:00,коллекторы участка
616720c9-1990-559d-929a-c52b4411bf6b,site.3,3355,e310dc41-0f36-5ef6-8381-41786f5c613e,2026-09-27T00:00:00+03:00,коллекторы участка
616720c9-1990-559d-929a-c52b4411bf6b,site.3,3359,e310dc41-0f36-5ef6-8381-41786f5c613e,2026-09-27T00:00:00+03:00,коллекторы участка
616720c9-1990-559d-929a-c52b4411bf6b,site.3,3828,e310dc41-0f36-5ef6-8381-41786f5c613e,2026-09-27T00:00:00+03:00,коллекторы участка
c1e52931-29e8-5b27-a7e0-6920a0e43c0c,site.4,4068,e310dc41-0f36-5ef6-8381-41786f5c613e,2026-09-27T00:00:00+03:00,коллекторы участка
c1e52931-29e8-5b27-a7e0-6920a0e43c0c,site.4,4356,e310dc41-0f36-5ef6-8381-41786f5c613e,2026-09-27T00:00:00+03:00,коллекторы участка
c1e52931-29e8-5b27-a7e0-6920a0e43c0c,site.4,4573,e310dc41-0f36-5ef6-8381-41786f5c613e,2026-09-27T00:00:00+03:00,коллекторы участка
c1e52931-29e8-5b27-a7e0-6920a0e43c0c,site.4,5327,e310dc41-0f36-5ef6-8381-41786f5c613e,2026-09-27T00:00:00+03:00,коллекторы участка
