id,name,unit,leader_id,regime,collector
e17fd265-6f9c-5ae9-9f87-b14039ff2390,Бригада объект Альфа,Участок 1,ff775674-a3e5-5238-8314-4c77413453a7,2/2,5
ae991cb2-ef41-57a6-ac68-4b74885d571c,Бригада объект Бета,Участок 1,7935a47c-7b13-5970-b20c-5383ddef0481,5/2,6
1accaefa-222a-5359-b75b-ea9f2f29b6f8,Бригада объект Гамма,Участок 1,0ce8d534-7f47-57d7-8cd1-897a5f449942,2/2,7
1128724a-e11e-56b5-a6cc-ac8b61898f34,Бригада Комплекс объект Дельта,Участок 1,39e72091-9886-5c62-ad91-82dcca5ff797,2/2,8
212d402b-85e6-5722-a178-9356ba5b9b46,Бригада объект Вита,Участок 2,cd91e603-1d87-5862-af0a-51f4ebd20a19,2/2,9
114750ad-082b-5902-b05f-46f7e54b4396,Бригада объект Эпсилон,Участок 2,6a900527-ee90-5a2a-82ad-c7c38ad877bc,5/2,11
c2e30b10-6597-548c-a84e-e44a8aa3cc8d,Бригада объект Зита,Участок 2,2ff1a07c-e68d-5a31-bfa8-216bdd7f85a1,5/2,12
1d2e73be-5b35-5bcc-87f5-58c991ad5098,Бригада объект Каппа,Участок 2,69ad88b9-5979-5a80-a9ec-bc69a9cfb325,5/2,15
c409aab2-0024-5812-a7da-595a194e4089,Бригада объект Йота,Участок 3,cec1fe28-063c-57e9-ab67-cb875af596b2,2/2,3218
0fde20fb-4612-5ab4-b4f1-18841d597fd5,Бригада объект Тау,Участок 3,04a962c8-3e69-57db-9a69-a8c6095bad9c,5/2,3355
54bf2bdc-64e2-555b-8f50-efada6e7beef,Бригада объект Омикрон,Участок 3,8578c5a1-60b1-5722-aef8-a6be4a50955e,2/2,3359
318d34c6-5ba7-59ec-b297-9e345db5a384,Бригада объект Мю,Участок 3,cff0ea43-d0d6-5d79-9b1f-81f2d02458ff,2/2,3828
81efe61b-e973-59a1-b74f-1fe01b4d617d,Бригада объект Сигма,Участок 4,75ea6cd3-73e2-5205-b4dc-c9432b2865a8,2/2,4068
632d5137-c09c-535f-98d8-e0a9ee512665,Бригада ПС объект Ро,Участок 4,9628ca00-2d8e-5fc2-bb1f-41c3cc9ed708,2/2,4356
b5fe7ab4-d54f-5eaf-a66b-f8e985d2a30a,Бригада ПС объект Омега,Участок 4,01846983-202b-5471-ada4-562823e0e899,5/2,4573
5c07cae6-55d6-59b0-9e9b-e753d20db2da,Бригада объект Кси,Участок 4,de31279e-d17e-5f5e-86ef-a31ea84318a8,5/2,5327
799482c4-f112-5395-810b-3e8b0bd2e94f,Мобильная бригада ППР и ТО АКМ,Район,9178d206-c5f5-5992-86b9-9bc5f03cfa4a,5/2,
f45dc599-924f-5567-9462-6f6b758c9a4e,Энергетики,Район,5eb83037-a898-585c-b739-183ea603c337,5/2,
5543f69d-7ff3-512d-97f0-9a4aa68ce804,Связь и автоматика,Район,198eb1f6-dce8-51eb-a35d-d344304906a8,5/2,
