id,user_id,login,kind,level,valid_until,document_no,checked_by,checked_at,note
64fe7e0e-451b-5261-9aad-2de5800f4795,ff775674-a3e5-5238-8314-4c77413453a7,line.5.1,CONFINED_SPACE,2,2028-05-28,ОЗП-2025-0001,1e1b4c7b-5e61-5046-a8e5-65cc38df8059,2025-05-28,
e0377782-993a-5c5e-a6fe-b53642202701,ff775674-a3e5-5238-8314-4c77413453a7,line.5.1,GAS_HAZARD,,2027-06-09,ГОР-2026-0002,1e1b4c7b-5e61-5046-a8e5-65cc38df8059,2026-06-09,
7f5eebde-a90f-5367-a7ad-d449d3d1f31e,ff775674-a3e5-5238-8314-4c77413453a7,line.5.1,ELECTRICAL,3,2027-07-20,ЭБ-2026-0003,1e1b4c7b-5e61-5046-a8e5-65cc38df8059,2026-07-20,
a4042dc7-4897-58f2-a12c-398c9aaffc34,d284ac05-bd60-5331-89e2-ddb9eadb3446,line.5.2,CONFINED_SPACE,2,2027-03-31,ОЗП-2024-0004,1e1b4c7b-5e61-5046-a8e5-65cc38df8059,2024-03-31,
ff5babea-9e37-5800-997d-a46e7d3969a5,d284ac05-bd60-5331-89e2-ddb9eadb3446,line.5.2,GAS_HAZARD,,2027-09-13,ГОР-2026-0005,1e1b4c7b-5e61-5046-a8e5-65cc38df8059,2026-09-13,
b4930ecf-b7b8-5dc9-b47a-32ecf73ebcc4,d284ac05-bd60-5331-89e2-ddb9eadb3446,line.5.2,ELECTRICAL,2,2027-01-28,ЭБ-2026-0006,1e1b4c7b-5e61-5046-a8e5-65cc38df8059,2026-01-28,
6eb6ac93-0b0d-5028-b93c-1feb1decf1ea,73480333-36f5-5b46-a6fb-9df043e58cd1,line.5.3,CONFINED_SPACE,1,2027-12-24,ОЗП-2024-0007,1e1b4c7b-5e61-5046-a8e5-65cc38df8059,2024-12-24,
9aad4fd4-0741-57d7-8639-07580f08eb2c,73480333-36f5-5b46-a6fb-9df043e58cd1,line.5.3,GAS_HAZARD,,2027-08-09,ГОР-2026-0008,1e1b4c7b-5e61-5046-a8e5-65cc38df8059,2026-08-09,
b763de2b-3640-5368-981c-dfd1ca52fee6,73480333-36f5-5b46-a6fb-9df043e58cd1,line.5.3,ELECTRICAL,2,2027-02-02,ЭБ-2026-0009,1e1b4c7b-5e61-5046-a8e5-65cc38df8059,2026-02-02,
adfabc20-c4b3-5fa5-baf6-ac4d589c8914,c94664bf-6632-5b71-a048-534919c9ce47,line.5.4,CONFINED_SPACE,1,2028-07-22,ОЗП-2025-0010,1e1b4c7b-5e61-5046-a8e5-65cc38df8059,2025-07-22,
a89dd2db-7de0-5443-a001-2bf0e748724c,c94664bf-6632-5b71-a048-534919c9ce47,line.5.4,GAS_HAZARD,,2027-05-09,ГОР-2026-0011,1e1b4c7b-5e61-5046-a8e5-65cc38df8059,2026-05-09,
ef53bf05-99fc-5590-a6e4-91c92acfba56,c94664bf-6632-5b71-a048-534919c9ce47,line.5.4,ELECTRICAL,2,2027-09-18,ЭБ-2026-0012,1e1b4c7b-5e61-5046-a8e5-65cc38df8059,2026-09-18,
781b298f-6ac2-54be-95fe-27ac141d1a90,7935a47c-7b13-5970-b20c-5383ddef0481,line.6.1,CONFINED_SPACE,2,2029-06-27,ОЗП-2026-0013,1e1b4c7b-5e61-5046-a8e5-65cc38df8059,2026-06-27,
8f1b787a-42f5-5b78-8ae3-39878030e0e7,7935a47c-7b13-5970-b20c-5383ddef0481,line.6.1,GAS_HAZARD,,2027-04-02,ГОР-2026-0014,1e1b4c7b-5e61-5046-a8e5-65cc38df8059,2026-04-02,
74687b75-0760-5a5e-8190-0a9a6a782b1f,7935a47c-7b13-5970-b20c-5383ddef0481,line.6.1,ELECTRICAL,3,2027-08-05,ЭБ-2026-0015,1e1b4c7b-5e61-5046-a8e5-65cc38df8059,2026-08-05,
5c5741a7-6ec2-54bb-be32-493b17d2ee21,aa0ca2c3-496b-5d0c-9b41-5302feb5bb95,line.6.2,CONFINED_SPACE,2,2027-10-20,ОЗП-2024-0016,1e1b4c7b-5e61-5046-a8e5-65cc38df8059,2024-10-20,
e9fb3811-6da2-5520-89d1-8533272c56ea,aa0ca2c3-496b-5d0c-9b41-5302feb5bb95,line.6.2,GAS_HAZARD,,2027-02-11,ГОР-2026-0017,1e1b4c7b-5e61-5046-a8e5-65cc38df8059,2026-02-11,
a4f9faaa-9ba7-5ff2-8f02-67f0d7a4a501,aa0ca2c3-496b-5d0c-9b41-5302feb5bb95,line.6.2,ELECTRICAL,2,2027-04-19,ЭБ-2026-0018,1e1b4c7b-5e61-5046-a8e5-65cc38df8059,2026-04-19,
fcda996a-be53-5f2b-8ef3-82d188e816c3,5db42de1-982b-5a25-93c7-8520d36a4e6f,line.6.3,CONFINED_SPACE,1,2029-04-22,ОЗП-2026-0019,1e1b4c7b-5e61-5046-a8e5-65cc38df8059,2026-04-22,
58db155d-2da7-59bb-afbf-9188b1b34bdd,5db42de1-982b-5a25-93c7-8520d36a4e6f,line.6.3,GAS_HAZARD,,2027-04-04,ГОР-2026-0020,1e1b4c7b-5e61-5046-a8e5-65cc38df8059,2026-04-04,
f5e663bd-ee7b-501c-9ea8-6952e950b428,5db42de1-982b-5a25-93c7-8520d36a4e6f,line.6.3,ELECTRICAL,2,2027-05-08,ЭБ-2026-0021,1e1b4c7b-5e61-5046-a8e5-65cc38df8059,2026-05-08,
a257b1ff-8e04-5099-848f-15b362af77a4,0ce8d534-7f47-57d7-8cd1-897a5f449942,line.7.1,CONFINED_SPACE,2,2028-01-21,ОЗП-2025-0022,1e1b4c7b-5e61-5046-a8e5-65cc38df8059,2025-01-21,
df621326-87dc-5de0-b8d1-0a86d92d81c4,0ce8d534-7f47-57d7-8cd1-897a5f449942,line.7.1,GAS_HAZARD,,2027-06-25,ГОР-2026-0023,1e1b4c7b-5e61-5046-a8e5-65cc38df8059,2026-06-25,
7642f109-f73f-5354-b896-2826d83a463c,0ce8d534-7f47-57d7-8cd1-897a5f449942,line.7.1,ELECTRICAL,3,2027-04-21,ЭБ-2026-0024,1e1b4c7b-5e61-5046-a8e5-65cc38df8059,2026-04-21,
3651acbc-9357-5d2a-968a-53dc90c19fc2,243f6a1c-51d3-5a93-8720-d6f36126e062,line.7.2,CONFINED_SPACE,2,2027-12-03,ОЗП-2024-0025,1e1b4c7b-5e61-5046-a8e5-65cc38df8059,2024-12-03,
c3348a87-610a-57b0-b171-a1a84f6fd376,243f6a1c-51d3-5a93-8720-d6f36126e062,line.7.2,GAS_HAZARD,,2026-12-09,ГОР-2025-0026,1e1b4c7b-5e61-5046-a8e5-65cc38df8059,2025-12-09,
7038e3f5-f2c5-517d-849d-1eadb4ca4bfb,243f6a1c-51d3-5a93-8720-d6f36126e062,line.7.2,ELECTRICAL,2,2026-12-14,ЭБ-2025-0027,1e1b4c7b-5e61-5046-a8e5-65cc38df8059,2025-12-14,
aa7516c3-b8b0-5648-9601-1ef9f53ceb4b,df8be037-d1b2-5f1f-826e-25e0b26ce527,line.7.3,CONFINED_SPACE,1,2029-06-07,ОЗП-2026-0028,1e1b4c7b-5e61-5046-a8e5-65cc38df8059,2026-06-07,
46dd3917-6179-5a7a-8c47-c7fb0a9e743b,df8be037-d1b2-5f1f-826e-25e0b26ce527,line.7.3,GAS_HAZARD,,2027-07-28,ГОР-2026-0029,1e1b4c7b-5e61-5046-a8e5-65cc38df8059,2026-07-28,
db120469-1e7e-58f2-bd01-2d96bc0692a3,df8be037-d1b2-5f1f-826e-25e0b26ce527,line.7.3,ELECTRICAL,2,2027-02-04,ЭБ-2026-0030,1e1b4c7b-5e61-5046-a8e5-65cc38df8059,2026-02-04,
659a579a-256b-575a-b76b-cf8f88a1fe9a,793ae138-a0b7-5e33-9836-ef6858f573a0,line.7.4,CONFINED_SPACE,1,2029-06-15,ОЗП-2026-0031,1e1b4c7b-5e61-5046-a8e5-65cc38df8059,2026-06-15,
76a1c4b1-e763-51fc-9475-2b33a1a91be3,793ae138-a0b7-5e33-9836-ef6858f573a0,line.7.4,GAS_HAZARD,,2027-06-19,ГОР-2026-0032,1e1b4c7b-5e61-5046-a8e5-65cc38df8059,2026-06-19,
507b5adb-d8a5-50d7-bda3-414de77ea061,793ae138-a0b7-5e33-9836-ef6858f573a0,line.7.4,ELECTRICAL,2,2027-04-16,ЭБ-2026-0033,1e1b4c7b-5e61-5046-a8e5-65cc38df8059,2026-04-16,
56ace844-d8a2-5e88-a721-3b591071b97e,39e72091-9886-5c62-ad91-82dcca5ff797,line.8.1,CONFINED_SPACE,2,2027-09-04,ОЗП-2024-0034,1e1b4c7b-5e61-5046-a8e5-65cc38df8059,2024-09-04,
88d7e952-f496-584a-92c4-2e5476583598,39e72091-9886-5c62-ad91-82dcca5ff797,line.8.1,GAS_HAZARD,,2027-09-06,ГОР-2026-0035,1e1b4c7b-5e61-5046-a8e5-65cc38df8059,2026-09-06,
24a8b03c-6305-5550-aad6-54f35f3366ab,39e72091-9886-5c62-ad91-82dcca5ff797,line.8.1,ELECTRICAL,3,2027-01-29,ЭБ-2026-0036,1e1b4c7b-5e61-5046-a8e5-65cc38df8059,2026-01-29,
af8c3c58-d9ab-50ef-be8b-20be4ad6ac37,48fc5274-ac45-5b11-83a6-54822f185453,line.8.2,CONFINED_SPACE,2,2028-11-18,ОЗП-2025-0037,1e1b4c7b-5e61-5046-a8e5-65cc38df8059,2025-11-18,
08d165ca-f6c9-5d45-ad47-80055b77bb3c,48fc5274-ac45-5b11-83a6-54822f185453,line.8.2,GAS_HAZARD,,2027-02-25,ГОР-2026-0038,1e1b4c7b-5e61-5046-a8e5-65cc38df8059,2026-02-25,
a7645b5f-7314-54ae-9f63-089588b5afef,48fc5274-ac45-5b11-83a6-54822f185453,line.8.2,ELECTRICAL,2,2027-06-08,ЭБ-2026-0039,1e1b4c7b-5e61-5046-a8e5-65cc38df8059,2026-06-08,
357ea410-2ef4-58d0-9527-0f1b3b918287,7d554034-8d5d-5238-a10c-8ad54eb0c9d4,line.8.3,CONFINED_SPACE,1,2029-01-30,ОЗП-2026-0040,1e1b4c7b-5e61-5046-a8e5-65cc38df8059,2026-01-30,
d6a3d3b5-e301-58a0-8601-d163a974969c,7d554034-8d5d-5238-a10c-8ad54eb0c9d4,line.8.3,GAS_HAZARD,,2027-03-31,ГОР-2026-0041,1e1b4c7b-5e61-5046-a8e5-65cc38df8059,2026-03-31,
90dadc30-498b-5c96-8c84-8a5b3d933d7e,7d554034-8d5d-5238-a10c-8ad54eb0c9d4,line.8.3,ELECTRICAL,2,2026-12-06,ЭБ-2025-0042,1e1b4c7b-5e61-5046-a8e5-65cc38df8059,2025-12-06,
dd23896b-f2a5-5519-a128-69bc8e2a07db,83cd7f2b-f6ed-50c8-9850-a6581ffecfc3,line.8.4,CONFINED_SPACE,1,2027-03-28,ОЗП-2024-0043,1e1b4c7b-5e61-5046-a8e5-65cc38df8059,2024-03-28,
af598131-22d4-5792-89d5-aabcc7279518,83cd7f2b-f6ed-50c8-9850-a6581ffecfc3,line.8.4,GAS_HAZARD,,2027-08-24,ГОР-2026-0044,1e1b4c7b-5e61-5046-a8e5-65cc38df8059,2026-08-24,
4b9ceb0a-e647-5361-bc59-085434d0850c,83cd7f2b-f6ed-50c8-9850-a6581ffecfc3,line.8.4,ELECTRICAL,2,2027-05-24,ЭБ-2026-0045,1e1b4c7b-5e61-5046-a8e5-65cc38df8059,2026-05-24,
5274cfb7-3c19-56b8-a404-87c0a869e3c2,cd91e603-1d87-5862-af0a-51f4ebd20a19,line.9.1,CONFINED_SPACE,2,2026-12-30,ОЗП-2023-0046,59f509c9-5039-55fa-ac29-35de6cce5c5c,2023-12-30,
4592ea07-420b-5a2e-8c8f-9c15f03a1993,cd91e603-1d87-5862-af0a-51f4ebd20a19,line.9.1,GAS_HAZARD,,2027-01-01,ГОР-2026-0047,59f509c9-5039-55fa-ac29-35de6cce5c5c,2026-01-01,
72ffd3fd-c2f2-59ad-b8b6-aecc44358e0f,cd91e603-1d87-5862-af0a-51f4ebd20a19,line.9.1,ELECTRICAL,3,2026-10-21,ЭБ-2026-0048,59f509c9-5039-55fa-ac29-35de6cce5c5c,2025-10-21,кончается в ближайшие 30 дней
493494ad-04f8-54d2-b0e5-1c7f887aa3c3,b3bab9fc-9e93-555d-b794-fe2662d3ccd1,line.9.2,CONFINED_SPACE,2,2026-12-14,ОЗП-2023-0049,59f509c9-5039-55fa-ac29-35de6cce5c5c,2023-12-14,
880a3f89-6619-5a50-b833-2491bc4e1d59,b3bab9fc-9e93-555d-b794-fe2662d3ccd1,line.9.2,GAS_HAZARD,,2027-07-12,ГОР-2026-0050,59f509c9-5039-55fa-ac29-35de6cce5c5c,2026-07-12,
93c91f21-f102-5838-b27b-d18aeeeb276d,b3bab9fc-9e93-555d-b794-fe2662d3ccd1,line.9.2,ELECTRICAL,2,2027-06-03,ЭБ-2026-0051,59f509c9-5039-55fa-ac29-35de6cce5c5c,2026-06-03,
d0eea665-a00e-59c3-b509-9e28e2a93d91,fe8b0304-d986-5d84-89b7-2a6ef6642a6f,line.9.3,CONFINED_SPACE,1,2027-12-17,ОЗП-2024-0052,59f509c9-5039-55fa-ac29-35de6cce5c5c,2024-12-17,
238f60ab-2dee-5c92-a1e5-86a07cb64a11,fe8b0304-d986-5d84-89b7-2a6ef6642a6f,line.9.3,GAS_HAZARD,,2027-05-20,ГОР-2026-0053,59f509c9-5039-55fa-ac29-35de6cce5c5c,2026-05-20,
7018a81b-4631-5bd5-8747-647d506000a6,fe8b0304-d986-5d84-89b7-2a6ef6642a6f,line.9.3,ELECTRICAL,2,2027-08-10,ЭБ-2026-0054,59f509c9-5039-55fa-ac29-35de6cce5c5c,2026-08-10,
c5460569-478d-50d2-8b28-b97b865d8781,e3d3be9c-86a7-5ef1-bcfb-ade341eb8486,line.9.4,CONFINED_SPACE,1,2029-07-11,ОЗП-2026-0055,59f509c9-5039-55fa-ac29-35de6cce5c5c,2026-07-11,
16128b16-cc1c-5e38-b57d-df258d47e648,e3d3be9c-86a7-5ef1-bcfb-ade341eb8486,line.9.4,GAS_HAZARD,,2027-03-13,ГОР-2026-0056,59f509c9-5039-55fa-ac29-35de6cce5c5c,2026-03-13,
18429b4d-cbc8-51ec-9417-26c6ffe74137,e3d3be9c-86a7-5ef1-bcfb-ade341eb8486,line.9.4,ELECTRICAL,2,2027-08-14,ЭБ-2026-0057,59f509c9-5039-55fa-ac29-35de6cce5c5c,2026-08-14,
1ab8e1df-69fc-51cd-bb94-f0b777c3d66d,6a900527-ee90-5a2a-82ad-c7c38ad877bc,line.11.1,CONFINED_SPACE,2,2028-06-07,ОЗП-2025-0058,59f509c9-5039-55fa-ac29-35de6cce5c5c,2025-06-07,
7bcd97c7-1ad1-5f17-8ca2-d733edbb0652,6a900527-ee90-5a2a-82ad-c7c38ad877bc,line.11.1,GAS_HAZARD,,2026-12-30,ГОР-2025-0059,59f509c9-5039-55fa-ac29-35de6cce5c5c,2025-12-30,
8596f1ea-910a-5ed5-ae48-f29e672f1dcd,6a900527-ee90-5a2a-82ad-c7c38ad877bc,line.11.1,ELECTRICAL,3,2027-04-03,ЭБ-2026-0060,59f509c9-5039-55fa-ac29-35de6cce5c5c,2026-04-03,
60a155e6-d399-551b-8ba1-d5d13a0a4a7a,d0e595a2-8f87-5398-926e-2443c6093194,line.11.2,CONFINED_SPACE,2,2027-03-22,ОЗП-2024-0061,59f509c9-5039-55fa-ac29-35de6cce5c5c,2024-03-22,
a7644cb5-46ee-51ec-9bef-ba51012c88a4,d0e595a2-8f87-5398-926e-2443c6093194,line.11.2,GAS_HAZARD,,2027-03-28,ГОР-2026-0062,59f509c9-5039-55fa-ac29-35de6cce5c5c,2026-03-28,
b351d343-2470-53c3-9669-25636df42c99,d0e595a2-8f87-5398-926e-2443c6093194,line.11.2,ELECTRICAL,2,2026-12-03,ЭБ-2025-0063,59f509c9-5039-55fa-ac29-35de6cce5c5c,2025-12-03,
9ed06f6c-ba0e-5c88-9322-508bbf1bd3f7,d15fc7dc-0568-56a0-842e-e7889c60b90c,line.11.3,CONFINED_SPACE,1,2027-01-28,ОЗП-2024-0064,59f509c9-5039-55fa-ac29-35de6cce5c5c,2024-01-28,
3dd00f0e-c657-5736-9c59-c48f00642897,d15fc7dc-0568-56a0-842e-e7889c60b90c,line.11.3,GAS_HAZARD,,2027-03-31,ГОР-2026-0065,59f509c9-5039-55fa-ac29-35de6cce5c5c,2026-03-31,
03932ced-6493-5b58-afef-4ba71906b79c,d15fc7dc-0568-56a0-842e-e7889c60b90c,line.11.3,ELECTRICAL,2,2027-09-14,ЭБ-2026-0066,59f509c9-5039-55fa-ac29-35de6cce5c5c,2026-09-14,
edaed831-0160-5be1-96db-aa89d857b6da,2ff1a07c-e68d-5a31-bfa8-216bdd7f85a1,line.12.1,CONFINED_SPACE,2,2028-07-25,ОЗП-2025-0067,59f509c9-5039-55fa-ac29-35de6cce5c5c,2025-07-25,
8c4211bf-2647-504e-a3af-5fadff8ca097,2ff1a07c-e68d-5a31-bfa8-216bdd7f85a1,line.12.1,GAS_HAZARD,,2026-12-21,ГОР-2025-0068,59f509c9-5039-55fa-ac29-35de6cce5c5c,2025-12-21,
24cfbbdd-203b-58bb-97e0-7eb970d7053c,2ff1a07c-e68d-5a31-bfa8-216bdd7f85a1,line.12.1,ELECTRICAL,3,2027-03-30,ЭБ-2026-0069,59f509c9-5039-55fa-ac29-35de6cce5c5c,2026-03-30,
69f20721-005a-5fb3-87ec-928d0aa33595,588d7735-918c-5c08-a3c6-d28d726282d5,line.12.2,CONFINED_SPACE,2,2028-01-16,ОЗП-2025-0070,59f509c9-5039-55fa-ac29-35de6cce5c5c,2025-01-16,
02a4cb4e-71e5-520e-a038-3b42660d4df6,588d7735-918c-5c08-a3c6-d28d726282d5,line.12.2,GAS_HAZARD,,2027-01-06,ГОР-2026-0071,59f509c9-5039-55fa-ac29-35de6cce5c5c,2026-01-06,
1adb9b38-885c-5e14-97d5-cd1af8256488,588d7735-918c-5c08-a3c6-d28d726282d5,line.12.2,ELECTRICAL,2,2027-01-04,ЭБ-2026-0072,59f509c9-5039-55fa-ac29-35de6cce5c5c,2026-01-04,
92e60db7-b14e-5eb4-8cc4-961ade57c404,ea5d99a5-6e78-57f0-8008-ec2241ac037b,line.12.3,CONFINED_SPACE,1,2028-11-07,ОЗП-2025-0073,59f509c9-5039-55fa-ac29-35de6cce5c5c,2025-11-07,
9f76ef4a-eb7a-5c2e-b4e7-1b920dbfc311,ea5d99a5-6e78-57f0-8008-ec2241ac037b,line.12.3,GAS_HAZARD,,2027-01-26,ГОР-2026-0074,59f509c9-5039-55fa-ac29-35de6cce5c5c,2026-01-26,
328d7090-5f1a-5a1c-8671-b1e276398749,ea5d99a5-6e78-57f0-8008-ec2241ac037b,line.12.3,ELECTRICAL,2,2027-06-05,ЭБ-2026-0075,59f509c9-5039-55fa-ac29-35de6cce5c5c,2026-06-05,
970541d9-e2f7-593f-a016-750bb62f0d4c,69ad88b9-5979-5a80-a9ec-bc69a9cfb325,line.15.1,CONFINED_SPACE,2,2029-03-24,ОЗП-2026-0076,59f509c9-5039-55fa-ac29-35de6cce5c5c,2026-03-24,
a8316160-0037-5b0c-a5cf-5736e84770e1,69ad88b9-5979-5a80-a9ec-bc69a9cfb325,line.15.1,GAS_HAZARD,,2027-01-22,ГОР-2026-0077,59f509c9-5039-55fa-ac29-35de6cce5c5c,2026-01-22,
608cdc34-2dcf-5d27-bd40-2adf1fefb596,69ad88b9-5979-5a80-a9ec-bc69a9cfb325,line.15.1,ELECTRICAL,3,2026-12-19,ЭБ-2025-0078,59f509c9-5039-55fa-ac29-35de6cce5c5c,2025-12-19,
83228a68-bd93-5a18-8d19-b0477f7c8127,38b83b16-57cc-560f-932b-432af6999983,line.15.2,CONFINED_SPACE,2,2027-04-22,ОЗП-2024-0079,59f509c9-5039-55fa-ac29-35de6cce5c5c,2024-04-22,
7679e313-0769-5366-8d58-c7349fc74084,38b83b16-57cc-560f-932b-432af6999983,line.15.2,GAS_HAZARD,,2027-03-19,ГОР-2026-0080,59f509c9-5039-55fa-ac29-35de6cce5c5c,2026-03-19,
03fb3860-7d62-5893-b9fe-1224538b9aa2,38b83b16-57cc-560f-932b-432af6999983,line.15.2,ELECTRICAL,2,2027-09-21,ЭБ-2026-0081,59f509c9-5039-55fa-ac29-35de6cce5c5c,2026-09-21,
b20c41b0-abd9-531b-b79d-0ba228e43c1b,0d75f5cf-56ee-55b2-b70c-568517fff7cc,line.15.3,CONFINED_SPACE,1,2027-08-16,ОЗП-2024-0082,59f509c9-5039-55fa-ac29-35de6cce5c5c,2024-08-16,
76e15559-3bb7-592c-904c-76075fa8a251,0d75f5cf-56ee-55b2-b70c-568517fff7cc,line.15.3,GAS_HAZARD,,2027-08-28,ГОР-2026-0083,59f509c9-5039-55fa-ac29-35de6cce5c5c,2026-08-28,
ce8c2e00-37b2-543e-b575-67950c17241c,0d75f5cf-56ee-55b2-b70c-568517fff7cc,line.15.3,ELECTRICAL,2,2027-06-02,ЭБ-2026-0084,59f509c9-5039-55fa-ac29-35de6cce5c5c,2026-06-02,
3234788e-b0f9-5645-a003-68b0e52b386d,cec1fe28-063c-57e9-ab67-cb875af596b2,line.3218.1,CONFINED_SPACE,2,2027-01-12,ОЗП-2024-0085,616720c9-1990-559d-929a-c52b4411bf6b,2024-01-12,
76c71c12-fe93-52b7-be3a-43cf4968e393,cec1fe28-063c-57e9-ab67-cb875af596b2,line.3218.1,GAS_HAZARD,,2027-01-21,ГОР-2026-0086,616720c9-1990-559d-929a-c52b4411bf6b,2026-01-21,
56fcf67e-2a03-5959-af83-3ae7748ec9cc,cec1fe28-063c-57e9-ab67-cb875af596b2,line.3218.1,ELECTRICAL,3,2026-12-01,ЭБ-2025-0087,616720c9-1990-559d-929a-c52b4411bf6b,2025-12-01,
1fbdc794-d4a0-5161-b962-2da58cc2d74e,d0567d39-a3be-52cb-b9c6-3a9de23a38be,line.3218.2,CONFINED_SPACE,2,2027-08-07,ОЗП-2024-0088,616720c9-1990-559d-929a-c52b4411bf6b,2024-08-07,
3efb2d95-3614-525f-9113-751028ae65bc,d0567d39-a3be-52cb-b9c6-3a9de23a38be,line.3218.2,GAS_HAZARD,,2027-03-17,ГОР-2026-0089,616720c9-1990-559d-929a-c52b4411bf6b,2026-03-17,
dd3b4004-ed1b-5887-89bc-2b340ead7812,d0567d39-a3be-52cb-b9c6-3a9de23a38be,line.3218.2,ELECTRICAL,2,2027-04-29,ЭБ-2026-0090,616720c9-1990-559d-929a-c52b4411bf6b,2026-04-29,
5fb45e24-1043-5b9b-a83b-1ae50b769dc1,dfbaac22-bb9b-5387-8c3b-52520574e0e6,line.3218.3,CONFINED_SPACE,1,2028-02-21,ОЗП-2025-0091,616720c9-1990-559d-929a-c52b4411bf6b,2025-02-21,
a0cde8a1-cc25-5df0-9e95-f76555c47be7,dfbaac22-bb9b-5387-8c3b-52520574e0e6,line.3218.3,GAS_HAZARD,,2027-05-20,ГОР-2026-0092,616720c9-1990-559d-929a-c52b4411bf6b,2026-05-20,
f81a28f7-447a-5bb2-805f-de3929001ba4,dfbaac22-bb9b-5387-8c3b-52520574e0e6,line.3218.3,ELECTRICAL,2,2027-03-06,ЭБ-2026-0093,616720c9-1990-559d-929a-c52b4411bf6b,2026-03-06,
74ff4611-2167-5f14-9d52-023455c5012f,e1ae52ea-b52a-523b-acc5-46e2902b5da9,line.3218.4,CONFINED_SPACE,1,2026-11-20,ОЗП-2023-0094,616720c9-1990-559d-929a-c52b4411bf6b,2023-11-20,
f40bc414-18ac-528b-b677-a1f9a50aac6b,e1ae52ea-b52a-523b-acc5-46e2902b5da9,line.3218.4,GAS_HAZARD,,2027-01-24,ГОР-2026-0095,616720c9-1990-559d-929a-c52b4411bf6b,2026-01-24,
a097c610-b8cb-5fd9-a07c-bb84ab1abbda,e1ae52ea-b52a-523b-acc5-46e2902b5da9,line.3218.4,ELECTRICAL,2,2027-06-15,ЭБ-2026-0096,616720c9-1990-559d-929a-c52b4411bf6b,2026-06-15,
5d96cc0a-5dee-570d-bacf-6072b7615744,04a962c8-3e69-57db-9a69-a8c6095bad9c,line.3355.1,CONFINED_SPACE,2,2029-06-22,ОЗП-2026-0097,616720c9-1990-559d-929a-c52b4411bf6b,2026-06-22,
231f86c7-ec51-5b2c-9efa-7b2fe5c57a6b,04a962c8-3e69-57db-9a69-a8c6095bad9c,line.3355.1,GAS_HAZARD,,2027-06-30,ГОР-2026-0098,616720c9-1990-559d-929a-c52b4411bf6b,2026-06-30,
371f0d0f-f59d-596c-95d1-94232091638e,04a962c8-3e69-57db-9a69-a8c6095bad9c,line.3355.1,ELECTRICAL,3,2027-07-31,ЭБ-2026-0099,616720c9-1990-559d-929a-c52b4411bf6b,2026-07-31,
174926cd-6afc-5216-a92a-73b19602e4f6,27c1dabe-f45b-50c7-b646-6fe386061788,line.3355.2,CONFINED_SPACE,2,2026-12-21,ОЗП-2023-0100,616720c9-1990-559d-929a-c52b4411bf6b,2023-12-21,
49d57f65-0d84-5926-a2a8-79dd012d00bc,27c1dabe-f45b-50c7-b646-6fe386061788,line.3355.2,GAS_HAZARD,,2027-02-23,ГОР-2026-0101,616720c9-1990-559d-929a-c52b4411bf6b,2026-02-23,
dbf3bf15-c3d8-579a-a1fd-2f5c457b078c,27c1dabe-f45b-50c7-b646-6fe386061788,line.3355.2,ELECTRICAL,2,2026-12-04,ЭБ-2025-0102,616720c9-1990-559d-929a-c52b4411bf6b,2025-12-04,
ac2325ae-25c4-5c91-b675-a4c6d34a0d83,f0335239-d512-58e3-a023-a40ebb9831b0,line.3355.3,CONFINED_SPACE,1,2026-09-12,ОЗП-2026-0103,616720c9-1990-559d-929a-c52b4411bf6b,2023-09-12,просрочен
76ed94b3-d5f1-5f6d-9290-9c0eb848fdc7,f0335239-d512-58e3-a023-a40ebb9831b0,line.3355.3,GAS_HAZARD,,2026-12-22,ГОР-2025-0104,616720c9-1990-559d-929a-c52b4411bf6b,2025-12-22,
59f2a9dd-325d-56f1-a10b-54c45203a7df,f0335239-d512-58e3-a023-a40ebb9831b0,line.3355.3,ELECTRICAL,2,2027-01-15,ЭБ-2026-0105,616720c9-1990-559d-929a-c52b4411bf6b,2026-01-15,
185eb304-19c5-5cd6-a1c2-484844e8a96f,8578c5a1-60b1-5722-aef8-a6be4a50955e,line.3359.1,CONFINED_SPACE,2,2028-11-11,ОЗП-2025-0106,616720c9-1990-559d-929a-c52b4411bf6b,2025-11-11,
7d5a3a15-e640-5e2d-b6a2-eea639de3113,8578c5a1-60b1-5722-aef8-a6be4a50955e,line.3359.1,GAS_HAZARD,,2026-11-23,ГОР-2025-0107,616720c9-1990-559d-929a-c52b4411bf6b,2025-11-23,
09646116-056b-50f9-ac45-37c44c1c9a3a,8578c5a1-60b1-5722-aef8-a6be4a50955e,line.3359.1,ELECTRICAL,3,2026-12-23,ЭБ-2025-0108,616720c9-1990-559d-929a-c52b4411bf6b,2025-12-23,
b9439adc-711a-5b5e-822d-a1110a9c80e9,8b01e896-f66f-53db-a820-1ffb6422bf3e,line.3359.2,CONFINED_SPACE,2,2028-07-23,ОЗП-2025-0109,616720c9-1990-559d-929a-c52b4411bf6b,2025-07-23,
1ab26281-bcc7-52cc-8338-8693c8b1e031,8b01e896-f66f-53db-a820-1ffb6422bf3e,line.3359.2,GAS_HAZARD,,2027-03-12,ГОР-2026-0110,616720c9-1990-559d-929a-c52b4411bf6b,2026-03-12,
49109437-6eec-5d47-b1c8-cef02f0e524d,8b01e896-f66f-53db-a820-1ffb6422bf3e,line.3359.2,ELECTRICAL,2,2026-11-19,ЭБ-2025-0111,616720c9-1990-559d-929a-c52b4411bf6b,2025-11-19,
10c0c90f-bc83-5c8f-ac84-d5ace1406bd6,a62dd0f9-e986-5d8b-b0e5-343e05fdb207,line.3359.3,CONFINED_SPACE,1,2029-05-23,ОЗП-2026-0112,616720c9-1990-559d-929a-c52b4411bf6b,2026-05-23,
478e091e-3e9c-5809-8fd4-c954bdaefc2b,a62dd0f9-e986-5d8b-b0e5-343e05fdb207,line.3359.3,GAS_HAZARD,,2027-08-12,ГОР-2026-0113,616720c9-1990-559d-929a-c52b4411bf6b,2026-08-12,
075ee743-a224-511b-861f-5c5f3da6636d,a62dd0f9-e986-5d8b-b0e5-343e05fdb207,line.3359.3,ELECTRICAL,2,2026-12-19,ЭБ-2025-0114,616720c9-1990-559d-929a-c52b4411bf6b,2025-12-19,
8b99af13-0f03-57b8-86a9-270b24d41e1e,e7930eda-fb83-519b-b76c-f1680787f798,line.3359.4,CONFINED_SPACE,1,2029-05-24,ОЗП-2026-0115,616720c9-1990-559d-929a-c52b4411bf6b,2026-05-24,
cad5c8fd-0de7-51e3-a43a-d4af81c0970b,e7930eda-fb83-519b-b76c-f1680787f798,line.3359.4,GAS_HAZARD,,2026-11-21,ГОР-2025-0116,616720c9-1990-559d-929a-c52b4411bf6b,2025-11-21,
028eef2e-431c-5593-b2f7-d1e133e3ff81,e7930eda-fb83-519b-b76c-f1680787f798,line.3359.4,ELECTRICAL,2,2027-03-05,ЭБ-2026-0117,616720c9-1990-559d-929a-c52b4411bf6b,2026-03-05,
effa8a29-6e64-5089-bb19-008576afe8ba,cff0ea43-d0d6-5d79-9b1f-81f2d02458ff,line.3828.1,CONFINED_SPACE,2,2026-12-26,ОЗП-2023-0118,616720c9-1990-559d-929a-c52b4411bf6b,2023-12-26,
63fab3e4-4ce5-5f7f-8735-d68b89332ba4,cff0ea43-d0d6-5d79-9b1f-81f2d02458ff,line.3828.1,GAS_HAZARD,,2027-09-19,ГОР-2026-0119,616720c9-1990-559d-929a-c52b4411bf6b,2026-09-19,
16211fed-aa36-5c8a-98e2-f31b5961ce20,cff0ea43-d0d6-5d79-9b1f-81f2d02458ff,line.3828.1,ELECTRICAL,3,2027-07-25,ЭБ-2026-0120,616720c9-1990-559d-929a-c52b4411bf6b,2026-07-25,
a1309443-352a-58c0-b182-50986faddfcc,01e7b82e-8233-5fd0-829d-51b278f4f775,line.3828.2,CONFINED_SPACE,2,2029-01-10,ОЗП-2026-0121,616720c9-1990-559d-929a-c52b4411bf6b,2026-01-10,
dfd7a8bd-04f7-5ff5-a523-001885c2da49,01e7b82e-8233-5fd0-829d-51b278f4f775,line.3828.2,GAS_HAZARD,,2027-02-12,ГОР-2026-0122,616720c9-1990-559d-929a-c52b4411bf6b,2026-02-12,
0b21d957-bf82-52e6-a2e3-9aa2a97a15f7,01e7b82e-8233-5fd0-829d-51b278f4f775,line.3828.2,ELECTRICAL,2,2027-03-15,ЭБ-2026-0123,616720c9-1990-559d-929a-c52b4411bf6b,2026-03-15,
4ec4eaf0-acea-5bed-bfa5-689a45b7c1a4,06566cb3-2d86-5830-8fb7-5ea7bc034df8,line.3828.3,CONFINED_SPACE,1,2028-02-06,ОЗП-2025-0124,616720c9-1990-559d-929a-c52b4411bf6b,2025-02-06,
33eb3d3f-a5a1-5dee-b6fe-8467a9836fc3,06566cb3-2d86-5830-8fb7-5ea7bc034df8,line.3828.3,GAS_HAZARD,,2027-01-09,ГОР-2026-0125,616720c9-1990-559d-929a-c52b4411bf6b,2026-01-09,
960adee8-b090-5ad1-8af1-281925443529,06566cb3-2d86-5830-8fb7-5ea7bc034df8,line.3828.3,ELECTRICAL,2,2026-12-10,ЭБ-2025-0126,616720c9-1990-559d-929a-c52b4411bf6b,2025-12-10,
51077a9a-139b-52e4-b1d9-b2f4f4c4a4ef,b0388a00-a027-57ec-b22c-32111efdc6ce,line.3828.4,CONFINED_SPACE,1,2028-07-14,ОЗП-2025-0127,616720c9-1990-559d-929a-c52b4411bf6b,2025-07-14,
071d46e5-35a4-525b-aa1a-ff02776b25d9,b0388a00-a027-57ec-b22c-32111efdc6ce,line.3828.4,GAS_HAZARD,,2027-08-22,ГОР-2026-0128,616720c9-1990-559d-929a-c52b4411bf6b,2026-08-22,
1d75a345-7968-5483-9408-59f2a38937a1,b0388a00-a027-57ec-b22c-32111efdc6ce,line.3828.4,ELECTRICAL,2,2027-08-21,ЭБ-2026-0129,616720c9-1990-559d-929a-c52b4411bf6b,2026-08-21,
adc458e4-d2f5-5d57-af2d-28aa11aa361c,75ea6cd3-73e2-5205-b4dc-c9432b2865a8,line.4068.1,CONFINED_SPACE,2,2029-01-07,ОЗП-2026-0130,c1e52931-29e8-5b27-a7e0-6920a0e43c0c,2026-01-07,
6a023607-92d3-5684-ab0f-afb2a8d8c3bb,75ea6cd3-73e2-5205-b4dc-c9432b2865a8,line.4068.1,GAS_HAZARD,,2027-08-04,ГОР-2026-0131,c1e52931-29e8-5b27-a7e0-6920a0e43c0c,2026-08-04,
96d1754d-a007-5c6c-8cc4-e83a96fb327a,75ea6cd3-73e2-5205-b4dc-c9432b2865a8,line.4068.1,ELECTRICAL,3,2027-05-11,ЭБ-2026-0132,c1e52931-29e8-5b27-a7e0-6920a0e43c0c,2026-05-11,
52dd373c-759b-5033-b1bf-7ce2aae86261,d4eeb282-c7e3-57ef-a31f-dc34e8663270,line.4068.2,CONFINED_SPACE,2,2027-03-11,ОЗП-2024-0133,c1e52931-29e8-5b27-a7e0-6920a0e43c0c,2024-03-11,
f161ce39-5742-589a-a793-c0b2ba4e0f3d,d4eeb282-c7e3-57ef-a31f-dc34e8663270,line.4068.2,GAS_HAZARD,,2027-04-08,ГОР-2026-0134,c1e52931-29e8-5b27-a7e0-6920a0e43c0c,2026-04-08,
99fec061-c918-5dee-b316-0b4bd7897d93,d4eeb282-c7e3-57ef-a31f-dc34e8663270,line.4068.2,ELECTRICAL,2,2026-10-07,ЭБ-2026-0135,c1e52931-29e8-5b27-a7e0-6920a0e43c0c,2025-10-07,кончается в ближайшие 30 дней
ec7f38b2-db3b-5631-92f9-d62aa2379c95,9ac883f3-05df-5e2e-b83d-0dc8eb3b8821,line.4068.3,CONFINED_SPACE,1,2029-05-17,ОЗП-2026-0136,c1e52931-29e8-5b27-a7e0-6920a0e43c0c,2026-05-17,
cb7d8c29-b597-548e-9969-56f92c9a1a66,9ac883f3-05df-5e2e-b83d-0dc8eb3b8821,line.4068.3,GAS_HAZARD,,2027-05-16,ГОР-2026-0137,c1e52931-29e8-5b27-a7e0-6920a0e43c0c,2026-05-16,
528d0543-11ae-56da-a046-2f7ba8f2709b,9ac883f3-05df-5e2e-b83d-0dc8eb3b8821,line.4068.3,ELECTRICAL,2,2027-07-30,ЭБ-2026-0138,c1e52931-29e8-5b27-a7e0-6920a0e43c0c,2026-07-30,
340d78ca-f397-5e50-bb76-d1966d3dc2f8,196ecd7c-46a2-5d03-9bac-03633ce35d92,line.4068.4,CONFINED_SPACE,1,2027-10-19,ОЗП-2024-0139,c1e52931-29e8-5b27-a7e0-6920a0e43c0c,2024-10-19,
c090076a-02de-5568-8410-14a12d486fd9,196ecd7c-46a2-5d03-9bac-03633ce35d92,line.4068.4,GAS_HAZARD,,2027-01-23,ГОР-2026-0140,c1e52931-29e8-5b27-a7e0-6920a0e43c0c,2026-01-23,
74202a1d-0040-59fe-bdd5-22f5046b556a,196ecd7c-46a2-5d03-9bac-03633ce35d92,line.4068.4,ELECTRICAL,2,2026-12-04,ЭБ-2025-0141,c1e52931-29e8-5b27-a7e0-6920a0e43c0c,2025-12-04,
ad4cfde4-91cc-5a7d-9ea4-8a70686f618d,9628ca00-2d8e-5fc2-bb1f-41c3cc9ed708,line.4356.1,CONFINED_SPACE,2,2029-05-14,ОЗП-2026-0142,c1e52931-29e8-5b27-a7e0-6920a0e43c0c,2026-05-14,
661b64a3-43e4-52ef-b33a-d15d01c64f50,9628ca00-2d8e-5fc2-bb1f-41c3cc9ed708,line.4356.1,GAS_HAZARD,,2027-03-11,ГОР-2026-0143,c1e52931-29e8-5b27-a7e0-6920a0e43c0c,2026-03-11,
8afd1f55-a496-5592-baac-dd2b69e0547f,9628ca00-2d8e-5fc2-bb1f-41c3cc9ed708,line.4356.1,ELECTRICAL,3,2027-09-06,ЭБ-2026-0144,c1e52931-29e8-5b27-a7e0-6920a0e43c0c,2026-09-06,
04ca5ed6-c2a9-5327-8fca-2137ec8a2677,c4da2f22-5c6f-5e23-9661-ab3c4ac9ca10,line.4356.2,CONFINED_SPACE,2,2027-06-02,ОЗП-2024-0145,c1e52931-29e8-5b27-a7e0-6920a0e43c0c,2024-06-02,
083f2ba0-0787-5b6e-b507-a453644ff95f,c4da2f22-5c6f-5e23-9661-ab3c4ac9ca10,line.4356.2,GAS_HAZARD,,2027-03-22,ГОР-2026-0146,c1e52931-29e8-5b27-a7e0-6920a0e43c0c,2026-03-22,
92dc9adb-4a89-53cd-8954-9280f64f242a,c4da2f22-5c6f-5e23-9661-ab3c4ac9ca10,line.4356.2,ELECTRICAL,2,2027-03-19,ЭБ-2026-0147,c1e52931-29e8-5b27-a7e0-6920a0e43c0c,2026-03-19,
accbba74-353e-59df-9dbd-5f348ae246c4,e3c8aa62-9e41-5e5e-9101-5226ba1111b3,line.4356.3,CONFINED_SPACE,1,2028-11-26,ОЗП-2025-0148,c1e52931-29e8-5b27-a7e0-6920a0e43c0c,2025-11-26,
317b129d-eff3-50ad-8d30-7f6b11977ca3,e3c8aa62-9e41-5e5e-9101-5226ba1111b3,line.4356.3,GAS_HAZARD,,2027-06-04,ГОР-2026-0149,c1e52931-29e8-5b27-a7e0-6920a0e43c0c,2026-06-04,
b98f374b-8ec4-58a0-bb4c-438aa9493203,e3c8aa62-9e41-5e5e-9101-5226ba1111b3,line.4356.3,ELECTRICAL,2,2027-06-14,ЭБ-2026-0150,c1e52931-29e8-5b27-a7e0-6920a0e43c0c,2026-06-14,
e0547d9c-f500-5504-b40b-d333bc201eae,e0404ecf-df25-5edf-9318-43d7df2fc5b5,line.4356.4,CONFINED_SPACE,1,2028-12-20,ОЗП-2025-0151,c1e52931-29e8-5b27-a7e0-6920a0e43c0c,2025-12-20,
a3646412-bbcd-590c-ba36-2816d21e0cb4,e0404ecf-df25-5edf-9318-43d7df2fc5b5,line.4356.4,GAS_HAZARD,,2027-04-19,ГОР-2026-0152,c1e52931-29e8-5b27-a7e0-6920a0e43c0c,2026-04-19,
62b8c870-86b7-576d-913f-6b5dfa80c980,e0404ecf-df25-5edf-9318-43d7df2fc5b5,line.4356.4,ELECTRICAL,2,2027-06-23,ЭБ-2026-0153,c1e52931-29e8-5b27-a7e0-6920a0e43c0c,2026-06-23,
049aefce-df04-5457-bd82-e8183ac94152,01846983-202b-5471-ada4-562823e0e899,line.4573.1,CONFINED_SPACE,2,2028-05-02,ОЗП-2025-0154,c1e52931-29e8-5b27-a7e0-6920a0e43c0c,2025-05-02,
34caa2e8-fbad-5595-8618-177f35e4b961,01846983-202b-5471-ada4-562823e0e899,line.4573.1,GAS_HAZARD,,2026-12-03,ГОР-2025-0155,c1e52931-29e8-5b27-a7e0-6920a0e43c0c,2025-12-03,
53ed687b-4d5e-558f-990d-ecaa1830920b,01846983-202b-5471-ada4-562823e0e899,line.4573.1,ELECTRICAL,3,2026-12-27,ЭБ-2025-0156,c1e52931-29e8-5b27-a7e0-6920a0e43c0c,2025-12-27,
9db38c27-3177-5766-b7fd-61825b3e2ecc,e1f8cd84-8328-5ab7-976a-5ea9a092452e,line.4573.2,CONFINED_SPACE,2,2027-08-07,ОЗП-2024-0157,c1e52931-29e8-5b27-a7e0-6920a0e43c0c,2024-08-07,
2cbc4c96-dbc1-5e06-ae6d-74d095c73e6c,e1f8cd84-8328-5ab7-976a-5ea9a092452e,line.4573.2,GAS_HAZARD,,2026-12-15,ГОР-2025-0158,c1e52931-29e8-5b27-a7e0-6920a0e43c0c,2025-12-15,
5b1f5d11-bd12-5a81-bd76-534d2636b6e9,e1f8cd84-8328-5ab7-976a-5ea9a092452e,line.4573.2,ELECTRICAL,2,2027-05-31,ЭБ-2026-0159,c1e52931-29e8-5b27-a7e0-6920a0e43c0c,2026-05-31,
4033fe95-b14f-551e-911f-551a492f69ab,fcfdb5f5-fee6-50fa-8996-c7aa66041a98,line.4573.3,CONFINED_SPACE,1,2027-09-15,ОЗП-2024-0160,c1e52931-29e8-5b27-a7e0-6920a0e43c0c,2024-09-15,
b697fb96-4a35-5cea-a692-55ee14566197,fcfdb5f5-fee6-50fa-8996-c7aa66041a98,line.4573.3,GAS_HAZARD,,2027-05-27,ГОР-2026-0161,c1e52931-29e8-5b27-a7e0-6920a0e43c0c,2026-05-27,
64ad44cf-4dbb-55d4-b0db-b62aed914f91,fcfdb5f5-fee6-50fa-8996-c7aa66041a98,line.4573.3,ELECTRICAL,2,2027-05-09,ЭБ-2026-0162,c1e52931-29e8-5b27-a7e0-6920a0e43c0c,2026-05-09,
26c00f5d-0ae6-57fa-96cc-c0800a048c5a,de31279e-d17e-5f5e-86ef-a31ea84318a8,line.5327.1,CONFINED_SPACE,2,2027-09-07,ОЗП-2024-0163,c1e52931-29e8-5b27-a7e0-6920a0e43c0c,2024-09-07,
6aaf53da-4372-56ba-a4c6-a40b2ed3a7b8,de31279e-d17e-5f5e-86ef-a31ea84318a8,line.5327.1,GAS_HAZARD,,2027-05-07,ГОР-2026-0164,c1e52931-29e8-5b27-a7e0-6920a0e43c0c,2026-05-07,
5e20ed5b-6476-5424-bc0b-cade646ee540,de31279e-d17e-5f5e-86ef-a31ea84318a8,line.5327.1,ELECTRICAL,3,2027-09-06,ЭБ-2026-0165,c1e52931-29e8-5b27-a7e0-6920a0e43c0c,2026-09-06,
e815ad61-fadf-5963-befb-84fb5b1c6a72,29749fc2-1b92-532f-a2ff-007e45f88932,line.5327.2,CONFINED_SPACE,2,2027-01-20,ОЗП-2024-0166,c1e52931-29e8-5b27-a7e0-6920a0e43c0c,2024-01-20,
5b254d9e-4be5-58b9-8bce-a10b5c85abdd,29749fc2-1b92-532f-a2ff-007e45f88932,line.5327.2,GAS_HAZARD,,2027-04-14,ГОР-2026-0167,c1e52931-29e8-5b27-a7e0-6920a0e43c0c,2026-04-14,
0b21aa6d-7461-5908-ae5a-8ed5ed655715,29749fc2-1b92-532f-a2ff-007e45f88932,line.5327.2,ELECTRICAL,2,2027-08-16,ЭБ-2026-0168,c1e52931-29e8-5b27-a7e0-6920a0e43c0c,2026-08-16,
769584c7-474f-5903-a068-0d921126ec95,66c5c970-ae15-5f7e-9a23-719745c8b7cc,line.5327.3,CONFINED_SPACE,1,2027-05-08,ОЗП-2024-0169,c1e52931-29e8-5b27-a7e0-6920a0e43c0c,2024-05-08,
dde4bf66-3dab-5fde-9388-d1d572a0861f,66c5c970-ae15-5f7e-9a23-719745c8b7cc,line.5327.3,GAS_HAZARD,,2027-02-08,ГОР-2026-0170,c1e52931-29e8-5b27-a7e0-6920a0e43c0c,2026-02-08,
aee0ad5c-50d5-5b13-990f-4bcbd1904318,66c5c970-ae15-5f7e-9a23-719745c8b7cc,line.5327.3,ELECTRICAL,2,2027-04-10,ЭБ-2026-0171,c1e52931-29e8-5b27-a7e0-6920a0e43c0c,2026-04-10,
d9a2d431-fd06-5274-a8c7-09b5772ebf5a,1e1b4c7b-5e61-5046-a8e5-65cc38df8059,site.1,CONFINED_SPACE,3,2027-10-18,ОЗП-2024-0172,1e1b4c7b-5e61-5046-a8e5-65cc38df8059,2024-10-18,
1e646892-8260-5843-92d6-6d31d1865747,1e1b4c7b-5e61-5046-a8e5-65cc38df8059,site.1,GAS_HAZARD,,2026-11-27,ГОР-2025-0173,1e1b4c7b-5e61-5046-a8e5-65cc38df8059,2025-11-27,
478dc8f7-e4b2-5319-99a7-ed2f33f003f1,1e1b4c7b-5e61-5046-a8e5-65cc38df8059,site.1,ELECTRICAL,4,2027-02-12,ЭБ-2026-0174,1e1b4c7b-5e61-5046-a8e5-65cc38df8059,2026-02-12,
325a2df1-5fe9-52c1-9f7c-0a4f53483371,59f509c9-5039-55fa-ac29-35de6cce5c5c,site.2,CONFINED_SPACE,3,2028-08-07,ОЗП-2025-0175,59f509c9-5039-55fa-ac29-35de6cce5c5c,2025-08-07,
55f4d29f-0d88-5cf0-8414-9c7fb3f71ded,59f509c9-5039-55fa-ac29-35de6cce5c5c,site.2,GAS_HAZARD,,2027-05-18,ГОР-2026-0176,59f509c9-5039-55fa-ac29-35de6cce5c5c,2026-05-18,
c9088e05-800e-598b-a1bd-4ad56bc7cc6a,59f509c9-5039-55fa-ac29-35de6cce5c5c,site.2,ELECTRICAL,4,2027-05-11,ЭБ-2026-0177,59f509c9-5039-55fa-ac29-35de6cce5c5c,2026-05-11,
8c0eeb2d-a4b2-5bfd-ac43-212f167c29b5,616720c9-1990-559d-929a-c52b4411bf6b,site.3,CONFINED_SPACE,3,2028-04-09,ОЗП-2025-0178,616720c9-1990-559d-929a-c52b4411bf6b,2025-04-09,
c43dbe38-42ef-5851-807d-51d84981363b,616720c9-1990-559d-929a-c52b4411bf6b,site.3,GAS_HAZARD,,2026-12-27,ГОР-2025-0179,616720c9-1990-559d-929a-c52b4411bf6b,2025-12-27,
ce8b54e7-4af5-5ced-807e-1149c3b7b31e,616720c9-1990-559d-929a-c52b4411bf6b,site.3,ELECTRICAL,4,2026-11-18,ЭБ-2025-0180,616720c9-1990-559d-929a-c52b4411bf6b,2025-11-18,
1a8e8503-ae78-552f-bab9-0605e0970b00,c1e52931-29e8-5b27-a7e0-6920a0e43c0c,site.4,CONFINED_SPACE,3,2029-07-05,ОЗП-2026-0181,c1e52931-29e8-5b27-a7e0-6920a0e43c0c,2026-07-05,
42594b24-cbad-5ec6-8e23-5f81180ec27d,c1e52931-29e8-5b27-a7e0-6920a0e43c0c,site.4,GAS_HAZARD,,2026-12-07,ГОР-2025-0182,c1e52931-29e8-5b27-a7e0-6920a0e43c0c,2025-12-07,
587a759e-893c-5c13-81e3-e3b12b651041,c1e52931-29e8-5b27-a7e0-6920a0e43c0c,site.4,ELECTRICAL,4,2027-07-01,ЭБ-2026-0183,c1e52931-29e8-5b27-a7e0-6920a0e43c0c,2026-07-01,
77f4281c-3d2d-5625-b3e7-ba1b1de662cf,9178d206-c5f5-5992-86b9-9bc5f03cfa4a,mobile.1,CONFINED_SPACE,2,2027-08-03,ОЗП-2024-0184,e310dc41-0f36-5ef6-8381-41786f5c613e,2024-08-03,
fdf61c8d-2b5d-57b5-b4d6-d903a65aef2c,9178d206-c5f5-5992-86b9-9bc5f03cfa4a,mobile.1,GAS_HAZARD,,2027-07-25,ГОР-2026-0185,e310dc41-0f36-5ef6-8381-41786f5c613e,2026-07-25,
d805b14f-cdf4-53a2-969d-3612043d7eff,9178d206-c5f5-5992-86b9-9bc5f03cfa4a,mobile.1,ELECTRICAL,3,2026-12-14,ЭБ-2025-0186,e310dc41-0f36-5ef6-8381-41786f5c613e,2025-12-14,
8dea908d-b270-5da1-be31-6a09f0da7eca,af753a14-a592-5c3e-b0dc-675567288cef,mobile.2,CONFINED_SPACE,2,2027-10-20,ОЗП-2024-0187,e310dc41-0f36-5ef6-8381-41786f5c613e,2024-10-20,
c5ee9369-7b3a-5239-90bd-99b607a301c1,af753a14-a592-5c3e-b0dc-675567288cef,mobile.2,GAS_HAZARD,,2027-04-29,ГОР-2026-0188,e310dc41-0f36-5ef6-8381-41786f5c613e,2026-04-29,
7f2a7702-6d84-5813-a027-5dfa7682bc14,af753a14-a592-5c3e-b0dc-675567288cef,mobile.2,ELECTRICAL,2,2027-06-18,ЭБ-2026-0189,e310dc41-0f36-5ef6-8381-41786f5c613e,2026-06-18,
de0c90f0-4c9b-58ef-9e6e-4c8b16c084ab,96953d83-6b60-5617-b408-1a241f7de8f0,mobile.3,CONFINED_SPACE,1,2028-04-07,ОЗП-2025-0190,e310dc41-0f36-5ef6-8381-41786f5c613e,2025-04-07,
2e576251-a651-5e05-a5d9-460a790cf979,96953d83-6b60-5617-b408-1a241f7de8f0,mobile.3,GAS_HAZARD,,2027-02-01,ГОР-2026-0191,e310dc41-0f36-5ef6-8381-41786f5c613e,2026-02-01,
b3bf21dc-0341-59d8-8ad0-3f9b7d6875d1,96953d83-6b60-5617-b408-1a241f7de8f0,mobile.3,ELECTRICAL,2,2027-01-20,ЭБ-2026-0192,e310dc41-0f36-5ef6-8381-41786f5c613e,2026-01-20,
14d27517-66e8-5ab4-85d8-934a7d0002d5,2e6e49ce-d74c-547c-9a4f-337e1958905e,mobile.4,CONFINED_SPACE,1,2028-10-27,ОЗП-2025-0193,e310dc41-0f36-5ef6-8381-41786f5c613e,2025-10-27,
0a8c9150-78ea-51c4-a0a1-34da978af1b2,2e6e49ce-d74c-547c-9a4f-337e1958905e,mobile.4,GAS_HAZARD,,2027-05-12,ГОР-2026-0194,e310dc41-0f36-5ef6-8381-41786f5c613e,2026-05-12,
7cf6e2a3-1e12-513c-a53c-f159d08d2d57,2e6e49ce-d74c-547c-9a4f-337e1958905e,mobile.4,ELECTRICAL,2,2027-06-25,ЭБ-2026-0195,e310dc41-0f36-5ef6-8381-41786f5c613e,2026-06-25,
f547e544-96f1-5c98-8024-cb029d861b34,f6fcce39-c0d9-5260-8992-a3225abe45bc,mobile.5,CONFINED_SPACE,1,2028-01-17,ОЗП-2025-0196,e310dc41-0f36-5ef6-8381-41786f5c613e,2025-01-17,
47afb5cc-7585-524b-8c92-87a7954c5c8a,f6fcce39-c0d9-5260-8992-a3225abe45bc,mobile.5,GAS_HAZARD,,2027-01-05,ГОР-2026-0197,e310dc41-0f36-5ef6-8381-41786f5c613e,2026-01-05,
3db1013d-24a2-5a8e-a42d-db81ce6420f3,f6fcce39-c0d9-5260-8992-a3225abe45bc,mobile.5,ELECTRICAL,2,2027-05-01,ЭБ-2026-0198,e310dc41-0f36-5ef6-8381-41786f5c613e,2026-05-01,
a6666c92-ea4f-5163-8d82-3d7d05f4337d,5eb83037-a898-585c-b739-183ea603c337,power.1,CONFINED_SPACE,1,2027-09-21,ОЗП-2024-0199,e310dc41-0f36-5ef6-8381-41786f5c613e,2024-09-21,
2dfcdfe9-d899-52fa-aeac-1fa297f2b234,5eb83037-a898-585c-b739-183ea603c337,power.1,ELECTRICAL,4,2027-06-26,ЭБ-2026-0200,e310dc41-0f36-5ef6-8381-41786f5c613e,2026-06-26,
b0f3373a-ea2e-5c06-9db2-02b105c929c3,06643fa0-0751-5c23-a616-f2073b28726b,power.2,CONFINED_SPACE,1,2028-12-18,ОЗП-2025-0201,e310dc41-0f36-5ef6-8381-41786f5c613e,2025-12-18,
31d048ef-1b77-51e9-91ff-5f02b56704c3,06643fa0-0751-5c23-a616-f2073b28726b,power.2,ELECTRICAL,4,2027-07-31,ЭБ-2026-0202,e310dc41-0f36-5ef6-8381-41786f5c613e,2026-07-31,
af3f52c0-9ee6-5100-ab2d-de0e6787de36,191cddda-212f-5065-afc1-ccd62d9a45f2,power.3,CONFINED_SPACE,1,2028-02-05,ОЗП-2025-0203,e310dc41-0f36-5ef6-8381-41786f5c613e,2025-02-05,
59e56a2b-6877-511a-8603-2fa108cf9d0f,191cddda-212f-5065-afc1-ccd62d9a45f2,power.3,ELECTRICAL,4,2026-12-03,ЭБ-2025-0204,e310dc41-0f36-5ef6-8381-41786f5c613e,2025-12-03,
bc807672-dfe8-55dc-b349-6c788ef09bd8,198eb1f6-dce8-51eb-a35d-d344304906a8,comms.1,CONFINED_SPACE,1,2027-08-05,ОЗП-2024-0205,e310dc41-0f36-5ef6-8381-41786f5c613e,2024-08-05,
8fd9d6d5-be1b-57b9-a1d8-504ca0d3debb,198eb1f6-dce8-51eb-a35d-d344304906a8,comms.1,ELECTRICAL,3,2026-12-30,ЭБ-2025-0206,e310dc41-0f36-5ef6-8381-41786f5c613e,2025-12-30,
988a4078-c736-5df0-89c3-23ad75bf3b92,f2038c98-0a24-5741-bfba-80c201748417,comms.2,CONFINED_SPACE,1,2029-01-14,ОЗП-2026-0207,e310dc41-0f36-5ef6-8381-41786f5c613e,2026-01-14,
3fe1e251-1e0d-502e-833b-1444b5485b37,f2038c98-0a24-5741-bfba-80c201748417,comms.2,ELECTRICAL,3,2026-12-05,ЭБ-2025-0208,e310dc41-0f36-5ef6-8381-41786f5c613e,2025-12-05,
b8109d7a-1711-5f95-8a98-df7729b8d848,54759f5b-a8a7-56b5-961e-c2be84131283,comms.3,CONFINED_SPACE,1,2028-12-25,ОЗП-2025-0209,e310dc41-0f36-5ef6-8381-41786f5c613e,2025-12-25,
cccd2ac4-b1a1-5db8-9041-6a9c8267417c,54759f5b-a8a7-56b5-961e-c2be84131283,comms.3,ELECTRICAL,3,2026-10-14,ЭБ-2026-0210,e310dc41-0f36-5ef6-8381-41786f5c613e,2025-10-14,кончается в ближайшие 30 дней
