user_id,login,brigade_id,phone,specialization,status,status_name
ff775674-a3e5-5238-8314-4c77413453a7,line.5.1,e17fd265-6f9c-5ae9-9f87-b14039ff2390,+70000000012,MAINTENANCE,1,AVAILABLE
d284ac05-bd60-5331-89e2-ddb9eadb3446,line.5.2,e17fd265-6f9c-5ae9-9f87-b14039ff2390,+70000000013,MAINTENANCE,4,"UNAVAILABLE, не его смена"
73480333-36f5-5b46-a6fb-9df043e58cd1,line.5.3,e17fd265-6f9c-5ae9-9f87-b14039ff2390,+70000000014,MAINTENANCE,1,AVAILABLE
c94664bf-6632-5b71-a048-534919c9ce47,line.5.4,e17fd265-6f9c-5ae9-9f87-b14039ff2390,+70000000015,MAINTENANCE,4,"UNAVAILABLE, отпуск"
7935a47c-7b13-5970-b20c-5383ddef0481,line.6.1,ae991cb2-ef41-57a6-ac68-4b74885d571c,+70000000016,MAINTENANCE,4,"UNAVAILABLE, не его смена"
aa0ca2c3-496b-5d0c-9b41-5302feb5bb95,line.6.2,ae991cb2-ef41-57a6-ac68-4b74885d571c,+70000000017,MAINTENANCE,4,"UNAVAILABLE, не его смена"
5db42de1-982b-5a25-93c7-8520d36a4e6f,line.6.3,ae991cb2-ef41-57a6-ac68-4b74885d571c,+70000000018,MAINTENANCE,4,"UNAVAILABLE, не его смена"
0ce8d534-7f47-57d7-8cd1-897a5f449942,line.7.1,1accaefa-222a-5359-b75b-ea9f2f29b6f8,+70000000019,MAINTENANCE,1,AVAILABLE
243f6a1c-51d3-5a93-8720-d6f36126e062,line.7.2,1accaefa-222a-5359-b75b-ea9f2f29b6f8,+70000000020,MAINTENANCE,4,"UNAVAILABLE, не его смена"
df8be037-d1b2-5f1f-826e-25e0b26ce527,line.7.3,1accaefa-222a-5359-b75b-ea9f2f29b6f8,+70000000021,MAINTENANCE,1,AVAILABLE
793ae138-a0b7-5e33-9836-ef6858f573a0,line.7.4,1accaefa-222a-5359-b75b-ea9f2f29b6f8,+70000000022,MAINTENANCE,4,"UNAVAILABLE, не его смена"
39e72091-9886-5c62-ad91-82dcca5ff797,line.8.1,1128724a-e11e-56b5-a6cc-ac8b61898f34,+70000000023,MAINTENANCE,1,AVAILABLE
48fc5274-ac45-5b11-83a6-54822f185453,line.8.2,1128724a-e11e-56b5-a6cc-ac8b61898f34,+70000000024,MAINTENANCE,4,"UNAVAILABLE, не его смена"
7d554034-8d5d-5238-a10c-8ad54eb0c9d4,line.8.3,1128724a-e11e-56b5-a6cc-ac8b61898f34,+70000000025,MAINTENANCE,1,AVAILABLE
83cd7f2b-f6ed-50c8-9850-a6581ffecfc3,line.8.4,1128724a-e11e-56b5-a6cc-ac8b61898f34,+70000000026,MAINTENANCE,4,"UNAVAILABLE, не его смена"
cd91e603-1d87-5862-af0a-51f4ebd20a19,line.9.1,212d402b-85e6-5722-a178-9356ba5b9b46,+70000000027,MAINTENANCE,1,AVAILABLE
b3bab9fc-9e93-555d-b794-fe2662d3ccd1,line.9.2,212d402b-85e6-5722-a178-9356ba5b9b46,+70000000028,MAINTENANCE,4,"UNAVAILABLE, не его смена"
fe8b0304-d986-5d84-89b7-2a6ef6642a6f,line.9.3,212d402b-85e6-5722-a178-9356ba5b9b46,+70000000029,MAINTENANCE,1,AVAILABLE
e3d3be9c-86a7-5ef1-bcfb-ade341eb8486,line.9.4,212d402b-85e6-5722-a178-9356ba5b9b46,+70000000030,MAINTENANCE,4,"UNAVAILABLE, не его смена"
6a900527-ee90-5a2a-82ad-c7c38ad877bc,line.11.1,114750ad-082b-5902-b05f-46f7e54b4396,+70000000031,MAINTENANCE,4,"UNAVAILABLE, не его смена"
d0e595a2-8f87-5398-926e-2443c6093194,line.11.2,114750ad-082b-5902-b05f-46f7e54b4396,+70000000032,MAINTENANCE,4,"UNAVAILABLE, не его смена"
d15fc7dc-0568-56a0-842e-e7889c60b90c,line.11.3,114750ad-082b-5902-b05f-46f7e54b4396,+70000000033,MAINTENANCE,4,"UNAVAILABLE, не его смена"
2ff1a07c-e68d-5a31-bfa8-216bdd7f85a1,line.12.1,c2e30b10-6597-548c-a84e-e44a8aa3cc8d,+70000000034,MAINTENANCE,4,"UNAVAILABLE, не его смена"
588d7735-918c-5c08-a3c6-d28d726282d5,line.12.2,c2e30b10-6597-548c-a84e-e44a8aa3cc8d,+70000000035,MAINTENANCE,4,"UNAVAILABLE, не его смена"
ea5d99a5-6e78-57f0-8008-ec2241ac037b,line.12.3,c2e30b10-6597-548c-a84e-e44a8aa3cc8d,+70000000036,MAINTENANCE,4,"UNAVAILABLE, отпуск"
69ad88b9-5979-5a80-a9ec-bc69a9cfb325,line.15.1,1d2e73be-5b35-5bcc-87f5-58c991ad5098,+70000000037,MAINTENANCE,4,"UNAVAILABLE, не его смена"
38b83b16-57cc-560f-932b-432af6999983,line.15.2,1d2e73be-5b35-5bcc-87f5-58c991ad5098,+70000000038,MAINTENANCE,4,"UNAVAILABLE, не его смена"
0d75f5cf-56ee-55b2-b70c-568517fff7cc,line.15.3,1d2e73be-5b35-5bcc-87f5-58c991ad5098,+70000000039,MAINTENANCE,4,"UNAVAILABLE, не его смена"
cec1fe28-063c-57e9-ab67-cb875af596b2,line.3218.1,c409aab2-0024-5812-a7da-595a194e4089,+70000000040,MAINTENANCE,1,AVAILABLE
d0567d39-a3be-52cb-b9c6-3a9de23a38be,line.3218.2,c409aab2-0024-5812-a7da-595a194e4089,+70000000041,MAINTENANCE,4,"UNAVAILABLE, не его смена"
dfbaac22-bb9b-5387-8c3b-52520574e0e6,line.3218.3,c409aab2-0024-5812-a7da-595a194e4089,+70000000042,MAINTENANCE,1,AVAILABLE
e1ae52ea-b52a-523b-acc5-46e2902b5da9,line.3218.4,c409aab2-0024-5812-a7da-595a194e4089,+70000000043,MAINTENANCE,4,"UNAVAILABLE, не его смена"
04a962c8-3e69-57db-9a69-a8c6095bad9c,line.3355.1,0fde20fb-4612-5ab4-b4f1-18841d597fd5,+70000000044,MAINTENANCE,4,"UNAVAILABLE, не его смена"
27c1dabe-f45b-50c7-b646-6fe386061788,line.3355.2,0fde20fb-4612-5ab4-b4f1-18841d597fd5,+70000000045,MAINTENANCE,4,"UNAVAILABLE, не его смена"
f0335239-d512-58e3-a023-a40ebb9831b0,line.3355.3,0fde20fb-4612-5ab4-b4f1-18841d597fd5,+70000000046,MAINTENANCE,4,"UNAVAILABLE, не его смена"
8578c5a1-60b1-5722-aef8-a6be4a50955e,line.3359.1,54bf2bdc-64e2-555b-8f50-efada6e7beef,+70000000047,MAINTENANCE,1,AVAILABLE
8b01e896-f66f-53db-a820-1ffb6422bf3e,line.3359.2,54bf2bdc-64e2-555b-8f50-efada6e7beef,+70000000048,MAINTENANCE,4,"UNAVAILABLE, не его смена"
a62dd0f9-e986-5d8b-b0e5-343e05fdb207,line.3359.3,54bf2bdc-64e2-555b-8f50-efada6e7beef,+70000000049,MAINTENANCE,1,AVAILABLE
e7930eda-fb83-519b-b76c-f1680787f798,line.3359.4,54bf2bdc-64e2-555b-8f50-efada6e7beef,+70000000050,MAINTENANCE,4,"UNAVAILABLE, не его смена"
cff0ea43-d0d6-5d79-9b1f-81f2d02458ff,line.3828.1,318d34c6-5ba7-59ec-b297-9e345db5a384,+70000000051,MAINTENANCE,1,AVAILABLE
01e7b82e-8233-5fd0-829d-51b278f4f775,line.3828.2,318d34c6-5ba7-59ec-b297-9e345db5a384,+70000000052,MAINTENANCE,4,"UNAVAILABLE, не его смена"
06566cb3-2d86-5830-8fb7-5ea7bc034df8,line.3828.3,318d34c6-5ba7-59ec-b297-9e345db5a384,+70000000053,MAINTENANCE,1,AVAILABLE
b0388a00-a027-57ec-b22c-32111efdc6ce,line.3828.4,318d34c6-5ba7-59ec-b297-9e345db5a384,+70000000054,MAINTENANCE,4,"UNAVAILABLE, не его смена"
75ea6cd3-73e2-5205-b4dc-c9432b2865a8,line.4068.1,81efe61b-e973-59a1-b74f-1fe01b4d617d,+70000000055,MAINTENANCE,1,AVAILABLE
d4eeb282-c7e3-57ef-a31f-dc34e8663270,line.4068.2,81efe61b-e973-59a1-b74f-1fe01b4d617d,+70000000056,MAINTENANCE,4,"UNAVAILABLE, не его смена"
9ac883f3-05df-5e2e-b83d-0dc8eb3b8821,line.4068.3,81efe61b-e973-59a1-b74f-1fe01b4d617d,+70000000057,MAINTENANCE,1,AVAILABLE
196ecd7c-46a2-5d03-9bac-03633ce35d92,line.4068.4,81efe61b-e973-59a1-b74f-1fe01b4d617d,+70000000058,MAINTENANCE,4,"UNAVAILABLE, не его смена"
9628ca00-2d8e-5fc2-bb1f-41c3cc9ed708,line.4356.1,632d5137-c09c-535f-98d8-e0a9ee512665,+70000000059,MAINTENANCE,1,AVAILABLE
c4da2f22-5c6f-5e23-9661-ab3c4ac9ca10,line.4356.2,632d5137-c09c-535f-98d8-e0a9ee512665,+70000000060,MAINTENANCE,4,"UNAVAILABLE, не его смена"
e3c8aa62-9e41-5e5e-9101-5226ba1111b3,line.4356.3,632d5137-c09c-535f-98d8-e0a9ee512665,+70000000061,MAINTENANCE,1,AVAILABLE
e0404ecf-df25-5edf-9318-43d7df2fc5b5,line.4356.4,632d5137-c09c-535f-98d8-e0a9ee512665,+70000000062,MAINTENANCE,4,"UNAVAILABLE, не его смена"
01846983-202b-5471-ada4-562823e0e899,line.4573.1,b5fe7ab4-d54f-5eaf-a66b-f8e985d2a30a,+70000000063,MAINTENANCE,4,"UNAVAILABLE, не его смена"
e1f8cd84-8328-5ab7-976a-5ea9a092452e,line.4573.2,b5fe7ab4-d54f-5eaf-a66b-f8e985d2a30a,+70000000064,MAINTENANCE,4,"UNAVAILABLE, не его смена"
fcfdb5f5-fee6-50fa-8996-c7aa66041a98,line.4573.3,b5fe7ab4-d54f-5eaf-a66b-f8e985d2a30a,+70000000065,MAINTENANCE,4,"UNAVAILABLE, не его смена"
de31279e-d17e-5f5e-86ef-a31ea84318a8,line.5327.1,5c07cae6-55d6-59b0-9e9b-e753d20db2da,+70000000066,MAINTENANCE,4,"UNAVAILABLE, не его смена"
29749fc2-1b92-532f-a2ff-007e45f88932,line.5327.2,5c07cae6-55d6-59b0-9e9b-e753d20db2da,+70000000067,MAINTENANCE,4,"UNAVAILABLE, не его смена"
66c5c970-ae15-5f7e-9a23-719745c8b7cc,line.5327.3,5c07cae6-55d6-59b0-9e9b-e753d20db2da,+70000000068,MAINTENANCE,4,"UNAVAILABLE, не его смена"
1e1b4c7b-5e61-5046-a8e5-65cc38df8059,site.1,,+70000000069,SITE_ENGINEER,4,"UNAVAILABLE, не его смена"
59f509c9-5039-55fa-ac29-35de6cce5c5c,site.2,,+70000000070,SITE_ENGINEER,4,"UNAVAILABLE, не его смена"
616720c9-1990-559d-929a-c52b4411bf6b,site.3,,+70000000071,SITE_ENGINEER,4,"UNAVAILABLE, не его смена"
c1e52931-29e8-5b27-a7e0-6920a0e43c0c,site.4,,+70000000072,SITE_ENGINEER,4,"UNAVAILABLE, не его смена"
9178d206-c5f5-5992-86b9-9bc5f03cfa4a,mobile.1,799482c4-f112-5395-810b-3e8b0bd2e94f,+70000000073,MAINTENANCE COMMS,4,"UNAVAILABLE, не его смена"
af753a14-a592-5c3e-b0dc-675567288cef,mobile.2,799482c4-f112-5395-810b-3e8b0bd2e94f,+70000000074,MAINTENANCE COMMS,4,"UNAVAILABLE, не его смена"
96953d83-6b60-5617-b408-1a241f7de8f0,mobile.3,799482c4-f112-5395-810b-3e8b0bd2e94f,+70000000075,MAINTENANCE COMMS,4,"UNAVAILABLE, не его смена"
2e6e49ce-d74c-547c-9a4f-337e1958905e,mobile.4,799482c4-f112-5395-810b-3e8b0bd2e94f,+70000000076,MAINTENANCE COMMS,4,"UNAVAILABLE, не его смена"
f6fcce39-c0d9-5260-8992-a3225abe45bc,mobile.5,799482c4-f112-5395-810b-3e8b0bd2e94f,+70000000077,MAINTENANCE COMMS,4,"UNAVAILABLE, не его смена"
5eb83037-a898-585c-b739-183ea603c337,power.1,f45dc599-924f-5567-9462-6f6b758c9a4e,+70000000078,POWER,4,"UNAVAILABLE, не его смена"
06643fa0-0751-5c23-a616-f2073b28726b,power.2,f45dc599-924f-5567-9462-6f6b758c9a4e,+70000000079,POWER,4,"UNAVAILABLE, не его смена"
191cddda-212f-5065-afc1-ccd62d9a45f2,power.3,f45dc599-924f-5567-9462-6f6b758c9a4e,+70000000080,POWER,4,"UNAVAILABLE, не его смена"
198eb1f6-dce8-51eb-a35d-d344304906a8,comms.1,5543f69d-7ff3-512d-97f0-9a4aa68ce804,+70000000081,COMMS,4,"UNAVAILABLE, не его смена"
f2038c98-0a24-5741-bfba-80c201748417,comms.2,5543f69d-7ff3-512d-97f0-9a4aa68ce804,+70000000082,COMMS,4,"UNAVAILABLE, не его смена"
54759f5b-a8a7-56b5-961e-c2be84131283,comms.3,5543f69d-7ff3-512d-97f0-9a4aa68ce804,+70000000083,COMMS,4,"UNAVAILABLE, не его смена"
