ancestor,descendant,depth
admins,admins,0
chief_dispatchers,chief_dispatchers,0
comms_engineers,comms_engineers,0
dispatch_shift_a,dispatch_shift_a,0
dispatch_shift_b,dispatch_shift_b,0
dispatch_shift_g,dispatch_shift_g,0
dispatch_shift_v,dispatch_shift_v,0
dispatchers,chief_dispatchers,1
dispatchers,dispatch_shift_a,1
dispatchers,dispatch_shift_b,1
dispatchers,dispatch_shift_g,1
dispatchers,dispatch_shift_v,1
dispatchers,dispatchers,0
engineers,comms_engineers,1
engineers,engineers,0
engineers,line_staff,1
engineers,mobile_brigade,1
engineers,power_engineers,1
engineers,site_engineers,1
line_staff,line_staff,0
mobile_brigade,mobile_brigade,0
power_engineers,power_engineers,0
site_1,site_1,0
site_2,site_2,0
site_3,site_3,0
site_4,site_4,0
site_engineers,site_engineers,0
