id,level,parent_id,kind,name,role,trace,site,regime,weekend_share,pk_from,pk_to,status,status_at,geometry_geojson
5122,3,5,controlHouse,ДУ объект Альфа,control,Альфа,1,,,0,231,1,2026-09-27T00:00:00+03:00,"{""type"":""LineString"",""coordinates"":[[2315.3,-1159.5],[2267.0,-1146.6],[2218.4,-1134.8],[2169.5,-1124.3],[2120.7,-1113.7],[2072.0,-1102.5],[2023.4,-1090.8],[1974.8,-1079.0],[1925.9,-1068.4],[1876.6,-1060.1],[1827.2,-1052.5],[1777.7,-1045.1],[1728.2,-1038.5],[1678.6,-1031.7],[1629.2,-1024.1],[1579.9,-1015.7],[1530.6,-1007.3],[1481.2,-999.6],[1432.2,-990.0],[1383.4,-978.9],[1334.7,-967.5],[1285.9,-956.8],[1236.6,-948.4],[1186.8,-944.4],[1136.8,-944.1],[1086.8,-945.7],[1036.9,-947.6],[986.9,-948.2],[936.9,-947.1],[886.9,-944.7],[837.0,-941.6],[787.4,-935.6],[738.6,-925.0],[690.3,-911.8],[642.4,-897.6],[593.9,-885.4],[544.8,-875.9],[495.3,-868.9],[445.6,-863.9],[395.6,-861.8],[345.7,-862.7],[295.8,-866.8],[246.2,-872.7],[196.4,-876.7],[146.4,-877.3],[96.4,-875.7],[46.6,-871.1],[36.7,-869.7]]}"
5123,3,5,controlHouse,ДП объект Альфа,base,Альфа,1,,,,,1,2026-09-27T00:00:00+03:00,"{""type"":""Point"",""coordinates"":[2307.6,-1188.5]}"
5124,3,5,controlHouse,ДП объект Альфа 2 этаж,base,Альфа,1,,,,,1,2026-09-27T00:00:00+03:00,"{""type"":""Point"",""coordinates"":[2307.6,-1188.5]}"
5339,3,5,guardObject,объект Пси,trace_guard,Пси,1,,,0,200,1,2026-09-27T00:00:00+03:00,"{""type"":""LineString"",""coordinates"":[[2638.7,-2418.6],[2595.8,-2444.3],[2553.7,-2471.2],[2513.3,-2500.7],[2476.3,-2534.3],[2442.9,-2571.5],[2411.5,-2610.4],[2381.3,-2650.2],[2351.7,-2690.5],[2321.1,-2730.0],[2289.6,-2768.9],[2256.5,-2806.3],[2220.8,-2841.3],[2182.1,-2873.1],[2140.9,-2901.3],[2096.9,-2924.9],[2050.6,-2943.7],[2002.5,-2957.4],[1953.3,-2966.2],[1903.7,-2972.6],[1854.2,-2979.6],[1804.8,-2987.3],[1755.6,-2996.1],[1706.8,-3007.2],[1658.8,-3021.2],[1611.6,-3037.6],[1565.7,-3057.3],[1522.0,-3081.5],[1481.2,-3110.5],[1442.8,-3142.5],[1405.6,-3175.9],[1369.2,-3210.2],[1333.9,-3245.5],[1299.3,-3281.7],[1265.5,-3318.5],[1232.6,-3356.2],[1199.7,-3393.8],[1166.5,-3431.1],[1132.3,-3467.6],[1095.7,-3501.7],[1057.4,-3533.8]]}"
5340,3,5,controlHouse,объект Пси шкаф ОПС,cabinet,Пси,1,,,148,148,1,2026-09-27T00:00:00+03:00,"{""type"":""Point"",""coordinates"":[1428.4,-3171.3]}"
20,3,6,guardObject,объект Фита,trace_guard,Фита,1,,,0,106,1,2026-09-27T00:00:00+03:00,"{""type"":""LineString"",""coordinates"":[[6198.7,-1946.1],[6149.0,-1951.4],[6099.2,-1955.7],[6049.3,-1958.7],[5999.4,-1962.7],[5949.6,-1966.7],[5899.6,-1967.9],[5849.7,-1966.1],[5799.8,-1962.4],[5750.3,-1955.5],[5701.4,-1945.3],[5652.8,-1933.2],[5604.8,-1919.3],[5556.7,-1905.7],[5508.4,-1892.7],[5459.7,-1881.4],[5410.7,-1871.8],[5361.2,-1864.2],[5311.5,-1858.8],[5261.7,-1855.1],[5211.7,-1853.0],[5161.7,-1851.3],[5151.8,-1851.0]]}"
111,3,6,controlHouse,ДП объект Бета,base,Бета,1,,,0,102,1,2026-09-27T00:00:00+03:00,"{""type"":""Point"",""coordinates"":[4676.6,-2286.9]}"
165,3,6,guardObject,объект Бета,trace_guard,Бета,1,,,0,12,1,2026-09-27T00:00:00+03:00,"{""type"":""LineString"",""coordinates"":[[5044.7,-2544.5],[5010.4,-2508.1],[4975.3,-2472.5],[4961.2,-2458.4]]}"
4765,3,6,controlHouse,Шкаф ОПС объект Бета,cabinet,Бета,1,,,28,28,1,2026-09-27T00:00:00+03:00,"{""type"":""Point"",""coordinates"":[4837.2,-2358.1]}"
5961,3,7,guardObject,объект Гамма ОС,trace_guard,Гамма,1,,,864,1195,1,2026-09-27T00:00:00+03:00,"{""type"":""LineString"",""coordinates"":[[7791.1,-3108.7],[7769.8,-3063.5],[7750.1,-3017.5],[7732.5,-2970.7],[7718.0,-2922.9],[7708.2,-2873.9],[7702.3,-2824.2],[7699.3,-2774.3],[7698.7,-2724.3],[7699.2,-2674.4],[7700.6,-2624.4],[7703.1,-2574.4],[7705.7,-2524.5],[7707.0,-2474.5],[7706.8,-2424.5],[7706.3,-2374.5],[7704.8,-2324.5],[7704.9,-2274.6],[7706.5,-2224.6],[7709.7,-2174.7],[7714.8,-2125.0],[7722.0,-2075.5],[7731.9,-2026.5],[7746.1,-1978.5],[7763.5,-1931.7],[7783.0,-1885.7],[7803.1,-1839.9],[7823.1,-1794.0],[7842.6,-1748.0],[7862.0,-1701.9],[7881.7,-1656.0],[7901.3,-1610.0],[7919.2,-1563.3],[7936.2,-1516.3],[7952.1,-1468.8],[7966.2,-1420.9],[7981.2,-1373.2],[7997.8,-1326.0],[8015.4,-1279.3],[8033.9,-1232.8],[8054.7,-1187.3],[8077.5,-1142.8],[8101.8,-1099.1],[8126.6,-1055.7],[8151.5,-1012.3],[8175.0,-968.2],[8196.0,-922.9],[8215.1,-876.7],[8231.4,-829.4],[8245.0,-781.3],[8256.1,-732.5],[8262.2,-683.0],[8264.9,-633.0],[8264.9,-583.0],[8260.1,-533.3],[8249.8,-484.4],[8234.6,-436.8],[8216.1,-390.3],[8195.1,-345.0],[8173.3,-300.0],[8150.5,-255.4],[8126.1,-211.8],[8098.9,-169.9],[8069.8,-129.3],[8041.2,-88.2],[8012.0,-47.6],[7981.7,-7.9],[7975.5,0.0]]}"
5962,3,7,guardObject,объект Гамма ПС,trace_guard,Гамма,1,,,864,1195,1,2026-09-27T00:00:00+03:00,"{""type"":""LineString"",""coordinates"":[[7791.1,-3108.7],[7769.8,-3063.5],[7750.1,-3017.5],[7732.5,-2970.7],[7718.0,-2922.9],[7708.2,-2873.9],[7702.3,-2824.2],[7699.3,-2774.3],[7698.7,-2724.3],[7699.2,-2674.4],[7700.6,-2624.4],[7703.1,-2574.4],[7705.7,-2524.5],[7707.0,-2474.5],[7706.8,-2424.5],[7706.3,-2374.5],[7704.8,-2324.5],[7704.9,-2274.6],[7706.5,-2224.6],[7709.7,-2174.7],[7714.8,-2125.0],[7722.0,-2075.5],[7731.9,-2026.5],[7746.1,-1978.5],[7763.5,-1931.7],[7783.0,-1885.7],[7803.1,-1839.9],[7823.1,-1794.0],[7842.6,-1748.0],[7862.0,-1701.9],[7881.7,-1656.0],[7901.3,-1610.0],[7919.2,-1563.3],[7936.2,-1516.3],[7952.1,-1468.8],[7966.2,-1420.9],[7981.2,-1373.2],[7997.8,-1326.0],[8015.4,-1279.3],[8033.9,-1232.8],[8054.7,-1187.3],[8077.5,-1142.8],[8101.8,-1099.1],[8126.6,-1055.7],[8151.5,-1012.3],[8175.0,-968.2],[8196.0,-922.9],[8215.1,-876.7],[8231.4,-829.4],[8245.0,-781.3],[8256.1,-732.5],[8262.2,-683.0],[8264.9,-633.0],[8264.9,-583.0],[8260.1,-533.3],[8249.8,-484.4],[8234.6,-436.8],[8216.1,-390.3],[8195.1,-345.0],[8173.3,-300.0],[8150.5,-255.4],[8126.1,-211.8],[8098.9,-169.9],[8069.8,-129.3],[8041.2,-88.2],[8012.0,-47.6],[7981.7,-7.9],[7975.5,0.0]]}"
5963,3,7,controlHouse,объект Гамма ДУ,control,Гамма,1,,,0,1195,1,2026-09-27T00:00:00+03:00,"{""type"":""LineString"",""coordinates"":[[13851.7,-4252.6],[13847.5,-4202.8],[13841.7,-4153.2],[13834.5,-4103.7],[13826.5,-4054.3],[13817.8,-4005.1],[13809.4,-3955.8],[13801.9,-3906.4],[13794.3,-3856.9],[13785.3,-3807.8],[13774.2,-3759.0],[13762.3,-3710.4],[13748.1,-3662.5],[13730.9,-3615.6],[13711.7,-3569.4],[13692.0,-3523.5],[13671.0,-3478.1],[13649.0,-3433.2],[13626.4,-3388.6],[13602.6,-3344.6],[13577.7,-3301.2],[13551.3,-3258.8],[13523.5,-3217.2],[13496.0,-3175.5],[13468.3,-3133.9],[13441.6,-3091.6],[13416.9,-3048.1],[13395.0,-3003.2],[13375.7,-2957.1],[13356.6,-2910.9],[13336.8,-2865.0],[13316.2,-2819.4],[13293.7,-2774.7],[13268.7,-2731.5],[13241.7,-2689.4],[13212.6,-2648.7],[13181.8,-2609.4],[13149.7,-2571.0],[13118.1,-2532.3],[13085.7,-2494.2],[13051.7,-2457.5],[13015.2,-2423.4],[12975.4,-2393.2],[12932.8,-2366.9],[12887.7,-2345.4],[12841.0,-2327.7],[12793.6,-2311.7],[12745.5,-2298.0],[12697.1,-2285.5],[12648.2,-2275.2],[12598.6,-2268.6],[12548.7,-2266.3],[12498.8,-2268.3],[12449.2,-2274.4],[12400.2,-2284.7],[12352.2,-2298.6],[12305.4,-2316.2],[12260.0,-2337.1],[12216.1,-2360.9],[12174.2,-2388.1],[12134.3,-2418.3],[12097.5,-2452.1],[12063.7,-2489.0],[12031.6,-2527.3],[12001.0,-2566.8],[11971.6,-2607.2],[11943.7,-2648.7],[11916.9,-2690.9],[11890.8,-2733.6],[11865.0,-2776.4],[11837.9,-2818.5],[11808.1,-2858.6],[11775.2,-2896.2],[11739.6,-2931.3],[11701.5,-2963.7],[11661.6,-2993.9],[11620.9,-3022.9],[11580.3,-3052.1],[11539.6,-3081.1],[11498.7,-3109.8],[11456.9,-3137.2],[11414.2,-3163.4],[11371.0,-3188.4],[11327.1,-3212.5],[11283.9,-3237.5],[11242.8,-3265.9],[11204.1,-3297.6],[11167.6,-3331.7],[11132.4,-3367.3],[11098.4,-3403.9],[11065.3,-3441.4],[11031.7,-3478.4],[10996.4,-3513.8],[10958.8,-3546.9],[10920.4,-3578.8],[10882.8,-3611.8],[10846.4,-3646.0],[10810.3,-3680.6],[10774.3,-3715.3],[10737.4,-3749.0],[10698.5,-3780.5],[10657.9,-3809.7],[10616.7,-3838.0],[10575.4,-3866.1],[10533.1,-3892.9],[10489.9,-3918.0],[10445.6,-3941.2],[10399.9,-3961.4],[10352.6,-3977.5],[10304.8,-3992.3],[10256.8,-4006.3],[10208.5,-4019.1],[10159.8,-4030.6],[10111.2,-4042.4],[10063.6,-4057.5],[10017.0,-4075.7],[9971.7,-4096.7],[9927.3,-4119.8],[9883.5,-4143.9],[9840.3,-4169.1],[9798.3,-4196.2],[9756.8,-4224.1],[9714.5,-4250.7],[9670.9,-4275.3],[9626.6,-4298.3],[9581.8,-4320.5],[9536.6,-4341.9],[9490.0,-4360.1],[9442.3,-4375.1],[9393.7,-4386.7],[9344.2,-4393.6],[9294.3,-4395.4],[9244.4,-4392.1],[9194.9,-4384.9],[9146.0,-4374.4],[9098.0,-4360.6],[9050.7,-4344.5],[9003.3,-4328.4],[8956.2,-4311.8],[8909.5,-4294.0],[8863.7,-4273.8],[8819.4,-4250.7],[8776.5,-4225.1],[8733.9,-4198.8],[8691.8,-4171.8],[8650.7,-4143.4],[8609.3,-4115.3],[8566.3,-4089.9],[8521.8,-4067.1],[8477.2,-4044.5],[8433.2,-4020.6],[8390.5,-3994.7],[8348.8,-3967.2],[8308.1,-3938.1],[8268.6,-3907.5],[8230.3,-3875.3],[8194.0,-3841.0],[8159.1,-3805.1],[8126.6,-3767.2],[8098.0,-3726.2],[8072.6,-3683.1],[8049.1,-3639.0],[8025.6,-3594.8],[8002.0,-3550.8],[7979.2,-3506.2],[7956.5,-3461.7],[7933.2,-3417.5],[7911.0,-3372.7],[7889.9,-3327.4],[7870.1,-3281.5],[7850.7,-3235.4],[7830.6,-3189.6],[7808.6,-3144.7],[7786.7,-3099.7],[7765.8,-3054.3],[7746.4,-3008.2],[7729.3,-2961.3],[7715.7,-2913.2],[7706.8,-2864.0],[7701.4,-2814.3],[7699.1,-2764.3],[7698.7,-2714.3],[7699.5,-2664.4],[7701.0,-2614.4],[7703.7,-2564.5],[7706.1,-2514.5],[7707.1,-2464.5],[7706.7,-2414.5],[7706.0,-2364.5],[7704.7,-2314.6],[7705.1,-2264.6],[7707.1,-2214.6],[7710.5,-2164.7],[7716.1,-2115.0],[7723.7,-2065.6],[7734.4,-2016.8],[7749.3,-1969.1],[7767.3,-1922.4],[7787.0,-1876.5],[7807.1,-1830.7],[7827.1,-1784.9],[7846.5,-1738.8],[7865.9,-1692.7],[7885.7,-1646.8],[7905.1,-1600.7],[7922.7,-1553.9],[7939.4,-1506.8],[7955.0,-1459.3],[7969.1,-1411.3],[7984.4,-1363.7],[8001.2,-1316.6],[8019.1,-1269.9],[8037.8,-1223.6],[8059.1,-1178.4],[8082.3,-1134.1],[8106.8,-1090.5],[8131.6,-1047.1],[8156.3,-1003.6],[8179.4,-959.3],[8199.9,-913.7],[8218.6,-867.3],[8234.3,-819.8],[8247.5,-771.6],[8257.8,-722.7],[8262.9,-673.0],[8265.1,-623.0],[8264.4,-573.0],[8258.5,-523.4],[8247.1,-474.8],[8231.2,-427.4],[8212.1,-381.2],[8190.8,-336.0],[8168.9,-291.0],[8145.8,-246.6],[8120.9,-203.3],[8093.1,-161.7],[8064.1,-121.0],[8035.4,-80.1],[8006.0,-39.6],[7975.5,0.0]]}"
5966,3,7,controlHouse,объект Гамма шкафы,cabinet,Гамма,1,,,0,1195,1,2026-09-27T00:00:00+03:00,"{""type"":""Point"",""coordinates"":[7752.3,-1927.2]}"
4610,3,8,controlHouse,ДУ объект Дельта,control,Дельта,1,,,0,518,1,2026-09-27T00:00:00+03:00,"{""type"":""LineString"",""coordinates"":[[18149.0,-544.2],[18099.0,-541.4],[18049.1,-539.1],[17999.1,-537.2],[17949.1,-537.0],[17899.3,-540.6],[17850.1,-549.2],[17801.4,-560.8],[17753.9,-576.1],[17707.8,-595.6],[17663.1,-618.0],[17619.7,-642.7],[17577.8,-670.0],[17537.1,-699.1],[17496.8,-728.7],[17456.4,-758.1],[17415.4,-786.8],[17374.0,-814.7],[17332.4,-842.5],[17290.2,-869.3],[17247.3,-895.1],[17203.6,-919.3],[17158.7,-941.2],[17112.5,-960.4],[17065.3,-976.8],[17017.1,-990.1],[16968.3,-1001.1],[16919.2,-1010.3],[16869.8,-1018.3],[16820.4,-1025.9],[16771.0,-1033.3],[16721.5,-1040.8],[16672.4,-1050.2],[16623.4,-1059.8],[16574.2,-1068.9],[16525.4,-1079.6],[16477.2,-1093.1],[16429.7,-1108.5],[16383.0,-1126.5],[16337.5,-1147.2],[16292.0,-1167.9],[16246.2,-1188.0],[16201.6,-1210.6],[16158.8,-1236.4],[16118.2,-1265.6],[16078.8,-1296.3],[16040.4,-1328.4],[16001.7,-1360.1],[15962.5,-1391.0],[15924.2,-1423.2],[15888.5,-1458.2],[15857.1,-1497.0],[15829.8,-1538.9],[15807.1,-1583.5],[15789.4,-1630.2],[15777.1,-1678.6],[15770.1,-1728.1],[15766.6,-1778.0],[15766.0,-1828.0],[15766.8,-1878.0],[15767.9,-1928.0],[15769.6,-1977.9],[15770.1,-2027.9],[15768.4,-2077.9],[15762.8,-2127.6],[15753.5,-2176.7],[15742.8,-2225.5],[15731.4,-2274.2],[15719.0,-2322.6],[15707.1,-2371.2],[15693.7,-2419.4],[15678.8,-2467.1],[15663.9,-2514.8],[15649.2,-2562.6],[15633.9,-2610.2],[15617.1,-2657.3],[15600.2,-2704.4],[15583.4,-2751.4],[15565.0,-2797.9],[15542.2,-2842.4],[15516.6,-2885.4],[15491.4,-2928.6],[15468.8,-2973.1],[15450.2,-3019.5],[15436.5,-3067.6],[15427.9,-3116.8],[15423.2,-3166.6],[15423.9,-3216.5],[15430.5,-3266.1],[15441.1,-3314.9],[15455.6,-3362.7],[15474.6,-3409.0],[15498.7,-3452.8],[15527.7,-3493.5],[15559.4,-3532.2],[15592.1,-3570.0],[15625.8,-3606.9],[15660.5,-3642.9],[15697.5,-3676.5],[15735.8,-3708.6],[15775.6,-3738.9],[15816.0,-3768.3],[15855.9,-3798.4],[15893.9,-3830.9],[15915.6,-3851.7]]}"
5113,3,8,guardObject,объект Дельта,trace_guard,Дельта,1,,,0,519,1,2026-09-27T00:00:00+03:00,"{""type"":""LineString"",""coordinates"":[[18149.0,-544.2],[18099.0,-541.4],[18049.1,-539.1],[17999.1,-537.2],[17949.1,-537.0],[17899.3,-540.6],[17850.1,-549.2],[17801.4,-560.8],[17753.9,-576.1],[17707.8,-595.6],[17663.1,-618.0],[17619.7,-642.7],[17577.8,-670.0],[17537.1,-699.1],[17496.8,-728.7],[17456.4,-758.1],[17415.4,-786.8],[17374.0,-814.7],[17332.4,-842.5],[17290.2,-869.3],[17247.3,-895.1],[17203.6,-919.3],[17158.7,-941.2],[17112.5,-960.4],[17065.3,-976.8],[17017.1,-990.1],[16968.3,-1001.1],[16919.2,-1010.3],[16869.8,-1018.3],[16820.4,-1025.9],[16771.0,-1033.3],[16721.5,-1040.8],[16672.4,-1050.2],[16623.4,-1059.8],[16574.2,-1068.9],[16525.4,-1079.6],[16477.2,-1093.1],[16429.7,-1108.5],[16383.0,-1126.5],[16337.5,-1147.2],[16292.0,-1167.9],[16246.2,-1188.0],[16201.6,-1210.6],[16158.8,-1236.4],[16118.2,-1265.6],[16078.8,-1296.3],[16040.4,-1328.4],[16001.7,-1360.1],[15962.5,-1391.0],[15924.2,-1423.2],[15888.5,-1458.2],[15857.1,-1497.0],[15829.8,-1538.9],[15807.1,-1583.5],[15789.4,-1630.2],[15777.1,-1678.6],[15770.1,-1728.1],[15766.6,-1778.0],[15766.0,-1828.0],[15766.8,-1878.0],[15767.9,-1928.0],[15769.6,-1977.9],[15770.1,-2027.9],[15768.4,-2077.9],[15762.8,-2127.6],[15753.5,-2176.7],[15742.8,-2225.5],[15731.4,-2274.2],[15719.0,-2322.6],[15707.1,-2371.2],[15693.7,-2419.4],[15678.8,-2467.1],[15663.9,-2514.8],[15649.2,-2562.6],[15633.9,-2610.2],[15617.1,-2657.3],[15600.2,-2704.4],[15583.4,-2751.4],[15565.0,-2797.9],[15542.2,-2842.4],[15516.6,-2885.4],[15491.4,-2928.6],[15468.8,-2973.1],[15450.2,-3019.5],[15436.5,-3067.6],[15427.9,-3116.8],[15423.2,-3166.6],[15423.9,-3216.5],[15430.5,-3266.1],[15441.1,-3314.9],[15455.6,-3362.7],[15474.6,-3409.0],[15498.7,-3452.8],[15527.7,-3493.5],[15559.4,-3532.2],[15592.1,-3570.0],[15625.8,-3606.9],[15660.5,-3642.9],[15697.5,-3676.5],[15735.8,-3708.6],[15775.6,-3738.9],[15816.0,-3768.3],[15855.9,-3798.4],[15893.9,-3830.9],[15922.6,-3858.8]]}"
5114,3,8,controlHouse,Шкаф ОПС объект Дельта,cabinet,Дельта,1,,,106,476,1,2026-09-27T00:00:00+03:00,"{""type"":""Point"",""coordinates"":[15594.6,-2755.5]}"
28,3,9,guardObject,объект Вита,trace_guard,Вита,2,,,169,506,1,2026-09-27T00:00:00+03:00,"{""type"":""LineString"",""coordinates"":[[1389.4,-8118.0],[1437.4,-8103.8],[1484.6,-8087.5],[1531.5,-8070.1],[1578.3,-8052.4],[1624.6,-8033.7],[1670.1,-8012.8],[1714.5,-7989.8],[1758.4,-7965.9],[1802.6,-7942.6],[1847.1,-7919.8],[1892.0,-7897.7],[1937.3,-7876.6],[1982.5,-7855.3],[2027.0,-7832.4],[2071.3,-7809.2],[2115.5,-7785.8],[2158.6,-7760.5],[2199.3,-7731.5],[2237.3,-7699.1],[2273.4,-7664.5],[2307.8,-7628.2],[2339.2,-7589.3],[2366.8,-7547.6],[2392.1,-7504.5],[2415.8,-7460.5],[2440.0,-7416.7],[2465.7,-7373.9],[2492.3,-7331.5],[2519.9,-7289.8],[2549.4,-7249.5],[2581.5,-7211.1],[2616.7,-7175.7],[2654.7,-7143.2],[2693.1,-7111.2],[2731.7,-7079.3],[2770.1,-7047.3],[2808.6,-7015.5],[2846.4,-6982.7],[2882.3,-6947.9],[2919.1,-6914.1],[2957.8,-6882.4],[2998.3,-6853.1],[3040.4,-6826.1],[3083.9,-6801.5],[3128.2,-6778.4],[3172.6,-6755.4],[3217.9,-6734.2],[3265.2,-6718.2],[3314.0,-6707.1],[3363.1,-6697.7],[3412.3,-6689.1],[3461.8,-6682.1],[3511.5,-6676.1],[3561.2,-6670.9],[3610.9,-6665.2],[3660.6,-6660.5],[3710.5,-6657.4],[3760.5,-6655.0],[3810.5,-6654.3],[3860.4,-6656.2],[3910.3,-6659.9],[3960.1,-6664.0],[4010.0,-6666.7],[4060.0,-6666.4],[4110.0,-6663.9],[4159.9,-6661.0],[4209.7,-6656.3],[4229.5,-6653.5]]}"
99,3,9,controlHouse,ДП объект Вита,base,Вита,2,,,,,1,2026-09-27T00:00:00+03:00,"{""type"":""Point"",""coordinates"":[-28.8,-8746.5]}"
4767,3,9,controlHouse,Шкаф ОПС объект Вита,cabinet,Вита,2,,,24,451,1,2026-09-27T00:00:00+03:00,"{""type"":""Point"",""coordinates"":[2152.2,-7750.4]}"
5011,3,9,controlHouse,ДУ объект Вита,control,Вита,2,,,1,484,1,2026-09-27T00:00:00+03:00,"{""type"":""LineString"",""coordinates"":[[0.0,-8754.8],[14.5,-8706.9],[30.1,-8659.5],[47.5,-8612.6],[66.9,-8566.5],[88.9,-8521.6],[115.7,-8479.4],[147.0,-8440.5],[181.8,-8404.5],[219.1,-8371.3],[257.7,-8339.5],[297.9,-8309.8],[339.8,-8282.5],[382.3,-8256.2],[425.4,-8230.9],[469.9,-8208.1],[516.2,-8189.2],[563.9,-8174.4],[612.6,-8163.1],[662.0,-8155.1],[711.7,-8150.3],[761.7,-8147.8],[811.6,-8146.3],[861.6,-8146.3],[911.6,-8147.1],[961.6,-8146.3],[1011.5,-8143.6],[1061.5,-8141.5],[1111.5,-8141.1],[1161.5,-8141.4],[1211.5,-8141.5],[1261.4,-8139.3],[1311.1,-8134.1],[1360.4,-8125.4],[1408.7,-8112.5],[1456.4,-8097.6],[1503.4,-8080.5],[1550.2,-8063.0],[1596.9,-8045.2],[1642.9,-8025.6],[1687.9,-8003.7],[1732.1,-7980.3],[1776.0,-7956.5],[1820.4,-7933.4],[1865.0,-7910.9],[1910.0,-7889.1],[1955.5,-7868.2],[2000.4,-7846.3],[2044.7,-7823.1],[2089.0,-7800.0],[2132.9,-7776.1],[2175.2,-7749.3],[2214.8,-7718.9],[2252.0,-7685.4],[2287.4,-7650.2],[2320.8,-7613.0],[2350.6,-7572.9],[2377.2,-7530.5],[2401.7,-7487.0],[2425.3,-7442.9],[2450.1,-7399.5],[2476.3,-7356.9],[2503.1,-7314.7],[2531.5,-7273.5],[2561.9,-7233.8],[2595.1,-7196.5],[2631.7,-7162.5],[2670.0,-7130.3],[2708.6,-7098.5],[2747.0,-7066.5],[2785.5,-7034.5],[2824.0,-7002.7],[2860.9,-6969.0],[2896.8,-6934.1],[2934.4,-6901.2],[2973.8,-6870.4],[3015.0,-6842.1],[3057.6,-6816.0],[3101.6,-6792.2],[3146.0,-6769.1],[3190.5,-6746.4],[3236.6,-6727.1],[3284.6,-6713.4],[3333.6,-6703.2],[3382.7,-6694.1],[3432.1,-6686.0],[3481.7,-6679.5],[3531.4,-6674.1],[3581.1,-6668.6],[3630.7,-6663.1],[3680.6,-6659.2],[3730.5,-6656.3],[3780.5,-6654.5],[3830.5,-6654.7],[3880.4,-6657.5],[3930.2,-6661.6],[3980.1,-6665.3],[4010.0,-6666.7]]}"
3902,3,11,controlHouse,ДП объект Эпсилон,base,Эпсилон,2,,,0,436,1,2026-09-27T00:00:00+03:00,"{""type"":""Point"",""coordinates"":[7814.2,-9352.0]}"
3903,3,11,controlHouse,Шкафы ОС объект Эпсилон,cabinet,Эпсилон,2,,,28,355,1,2026-09-27T00:00:00+03:00,"{""type"":""Point"",""coordinates"":[7442.9,-9309.8]}"
3904,3,11,guardObject,объект Эпсилон ОС,trace_guard,Эпсилон,2,,,344,424,1,2026-09-27T00:00:00+03:00,"{""type"":""LineString"",""coordinates"":[[6605.9,-9278.0],[6556.1,-9282.4],[6506.4,-9287.7],[6456.9,-9294.6],[6407.3,-9301.3],[6357.7,-9307.2],[6307.9,-9311.8],[6258.0,-9315.2],[6208.0,-9316.9],[6158.1,-9319.1],[6108.3,-9323.5],[6059.1,-9332.2],[6010.9,-9345.6],[5964.1,-9363.1],[5918.4,-9383.3],[5873.9,-9406.2],[5831.2,-9432.1]]}"
3905,3,11,guardObject,объект Пси ОС,trace_guard,Пси,2,,,0,157,1,2026-09-27T00:00:00+03:00,"{""type"":""LineString"",""coordinates"":[[8421.1,-7411.9],[8434.5,-7363.7],[8445.5,-7315.0],[8451.3,-7265.3],[8452.0,-7215.3],[8447.9,-7165.5],[8439.6,-7116.2],[8429.0,-7067.4],[8416.5,-7019.0],[8401.9,-6971.2],[8384.8,-6924.1],[8366.3,-6877.7],[8347.3,-6831.5],[8328.4,-6785.2],[8310.7,-6738.4],[8294.8,-6691.0],[8278.7,-6643.7],[8261.6,-6596.7],[8243.7,-6550.0],[8226.0,-6503.2],[8211.0,-6455.5],[8199.4,-6406.9],[8190.9,-6357.7],[8184.0,-6308.1],[8177.1,-6258.6],[8170.1,-6209.1],[8162.8,-6159.7],[8154.9,-6110.3],[8146.2,-6061.0],[8137.3,-6011.9],[8125.9,-5963.2],[8113.0,-5914.9],[8108.0,-5895.5]]}"
4095,3,11,guardObject,объект Хи,trace_guard,Хи,2,,,0,92,1,2026-09-27T00:00:00+03:00,"{""type"":""LineString"",""coordinates"":[[6946.1,-7794.1],[6938.8,-7744.6],[6932.2,-7695.0],[6925.4,-7645.5],[6916.9,-7596.2],[6907.3,-7547.2],[6895.3,-7498.6],[6880.0,-7451.0],[6863.2,-7403.9],[6846.9,-7356.7],[6831.3,-7309.2],[6816.8,-7261.3],[6803.5,-7213.1],[6790.9,-7164.7],[6778.3,-7116.3],[6764.3,-7068.3],[6748.1,-7021.0],[6730.6,-6974.2],[6712.3,-6927.7],[6704.7,-6909.2]]}"
4541,3,11,controlHouse,Шкаф ОПС объект Хи,cabinet,Хи,2,,,,,1,2026-09-27T00:00:00+03:00,"{""type"":""Point"",""coordinates"":[6934.2,-7795.9]}"
4543,3,11,controlHouse,ДУ объект Хи,control,Хи,2,,,0,92,1,2026-09-27T00:00:00+03:00,"{""type"":""LineString"",""coordinates"":[[6946.1,-7794.1],[6938.8,-7744.6],[6932.2,-7695.0],[6925.4,-7645.5],[6916.9,-7596.2],[6907.3,-7547.2],[6895.3,-7498.6],[6880.0,-7451.0],[6863.2,-7403.9],[6846.9,-7356.7],[6831.3,-7309.2],[6816.8,-7261.3],[6803.5,-7213.1],[6790.9,-7164.7],[6778.3,-7116.3],[6764.3,-7068.3],[6748.1,-7021.0],[6730.6,-6974.2],[6712.3,-6927.7],[6704.7,-6909.2]]}"
5537,3,11,guardObject,объект Пси ПС,trace_guard,Пси,2,,,0,156,1,2026-09-27T00:00:00+03:00,"{""type"":""LineString"",""coordinates"":[[8421.1,-7411.9],[8434.5,-7363.7],[8445.5,-7315.0],[8451.3,-7265.3],[8452.0,-7215.3],[8447.9,-7165.5],[8439.6,-7116.2],[8429.0,-7067.4],[8416.5,-7019.0],[8401.9,-6971.2],[8384.8,-6924.1],[8366.3,-6877.7],[8347.3,-6831.5],[8328.4,-6785.2],[8310.7,-6738.4],[8294.8,-6691.0],[8278.7,-6643.7],[8261.6,-6596.7],[8243.7,-6550.0],[8226.0,-6503.2],[8211.0,-6455.5],[8199.4,-6406.9],[8190.9,-6357.7],[8184.0,-6308.1],[8177.1,-6258.6],[8170.1,-6209.1],[8162.8,-6159.7],[8154.9,-6110.3],[8146.2,-6061.0],[8137.3,-6011.9],[8125.9,-5963.2],[8113.0,-5914.9],[8110.4,-5905.2]]}"
5539,3,11,guardObject,объект Эпсилон ПС,trace_guard,Эпсилон,2,,,171,437,1,2026-09-27T00:00:00+03:00,"{""type"":""LineString"",""coordinates"":[[8307.6,-9188.4],[8264.6,-9213.8],[8220.6,-9237.6],[8175.5,-9259.2],[8128.7,-9276.7],[8080.4,-9289.6],[8031.1,-9298.1],[7981.6,-9305.0],[7932.1,-9311.7],[7882.4,-9317.2],[7832.5,-9320.9],[7782.6,-9323.5],[7732.6,-9324.8],[7682.6,-9323.5],[7632.8,-9319.2],[7583.1,-9313.6],[7533.5,-9307.9],[7483.8,-9301.9],[7434.1,-9297.0],[7384.2,-9293.9],[7334.2,-9293.0],[7284.2,-9294.7],[7234.3,-9297.2],[7184.3,-9299.4],[7134.3,-9299.9],[7084.4,-9296.8],[7034.6,-9292.5],[6984.8,-9288.2],[6935.0,-9283.9],[6885.2,-9279.9],[6835.4,-9275.4],[6785.6,-9270.9],[6735.6,-9269.4],[6685.6,-9271.5],[6635.8,-9275.0],[6586.0,-9279.8],[6536.2,-9284.2],[6486.6,-9290.5],[6437.1,-9297.4],[6387.5,-9303.8],[6337.8,-9309.1],[6288.0,-9313.4],[6238.0,-9316.0],[6188.1,-9317.6],[6138.1,-9320.5],[6088.5,-9326.4],[6039.6,-9336.9],[5992.0,-9352.2],[5945.7,-9370.9],[5900.4,-9392.1],[5856.6,-9416.2],[5814.6,-9443.3],[5774.7,-9473.4],[5736.9,-9506.1],[5729.5,-9512.8]]}"
5540,3,11,controlHouse,Шкафы ПС объект Эпсилон,cabinet,Эпсилон,2,,,28,260,1,2026-09-27T00:00:00+03:00,"{""type"":""Point"",""coordinates"":[8430.9,-9120.1]}"
4770,3,12,controlHouse,Шкаф ОПС объект Зита,cabinet,Зита,2,,,,,1,2026-09-27T00:00:00+03:00,"{""type"":""Point"",""coordinates"":[14117.9,-7350.3]}"
5129,3,12,guardObject,объект Фита,trace_guard,Фита,2,,,0,71,1,2026-09-27T00:00:00+03:00,"{""type"":""LineString"",""coordinates"":[[15116.3,-6502.6],[15157.3,-6531.2],[15197.5,-6561.0],[15237.4,-6591.1],[15277.5,-6621.0],[15317.5,-6650.9],[15357.7,-6680.7],[15398.3,-6709.8],[15439.4,-6738.3],[15480.2,-6767.3],[15521.6,-6795.3],[15564.5,-6821.0],[15609.7,-6842.2],[15656.7,-6859.3],[15704.0,-6875.6],[15713.4,-6878.8]]}"
5132,3,12,controlHouse,ДП объект Зита,base,Зита,2,,,0,71,1,2026-09-27T00:00:00+03:00,"{""type"":""Point"",""coordinates"":[14033.8,-7012.7]}"
5578,3,12,controlHouse,объект Дзета ДУ,control,Дзета,2,,,0,177,1,2026-09-27T00:00:00+03:00,"{""type"":""LineString"",""coordinates"":[[12002.6,-8844.2],[11964.8,-8811.5],[11929.2,-8776.4],[11894.3,-8740.6],[11858.8,-8705.4],[11823.4,-8670.1],[11790.3,-8632.7],[11759.0,-8593.7],[11729.7,-8553.2],[11703.7,-8510.5],[11682.4,-8465.3],[11664.7,-8418.5],[11649.2,-8371.0],[11635.7,-8322.8],[11623.1,-8274.5],[11611.8,-8225.7],[11600.5,-8177.1],[11590.5,-8128.1],[11583.2,-8078.6],[11577.9,-8028.9],[11569.7,-7979.6],[11556.1,-7931.5],[11538.1,-7884.9],[11517.3,-7839.4],[11492.7,-7795.9],[11464.3,-7754.8],[11433.4,-7715.5],[11400.3,-7678.0],[11364.2,-7643.5],[11324.7,-7612.8],[11282.3,-7586.3],[11238.4,-7562.4],[11192.9,-7541.6],[11145.8,-7525.0],[11097.6,-7511.7],[11048.7,-7501.4],[11029.0,-7498.2]]}"
5579,3,12,controlHouse,объект Дзета шкафы,cabinet,Дзета,2,,,169,169,1,2026-09-27T00:00:00+03:00,"{""type"":""Point"",""coordinates"":[11104.2,-7525.8]}"
5580,3,12,guardObject,объект Дзета ОС,trace_guard,Дзета,2,,,0,170,1,2026-09-27T00:00:00+03:00,"{""type"":""LineString"",""coordinates"":[[12002.6,-8844.2],[11964.8,-8811.5],[11929.2,-8776.4],[11894.3,-8740.6],[11858.8,-8705.4],[11823.4,-8670.1],[11790.3,-8632.7],[11759.0,-8593.7],[11729.7,-8553.2],[11703.7,-8510.5],[11682.4,-8465.3],[11664.7,-8418.5],[11649.2,-8371.0],[11635.7,-8322.8],[11623.1,-8274.5],[11611.8,-8225.7],[11600.5,-8177.1],[11590.5,-8128.1],[11583.2,-8078.6],[11577.9,-8028.9],[11569.7,-7979.6],[11556.1,-7931.5],[11538.1,-7884.9],[11517.3,-7839.4],[11492.7,-7795.9],[11464.3,-7754.8],[11433.4,-7715.5],[11400.3,-7678.0],[11364.2,-7643.5],[11324.7,-7612.8],[11282.3,-7586.3],[11238.4,-7562.4],[11192.9,-7541.6],[11145.8,-7525.0],[11097.6,-7511.7]]}"
5581,3,12,guardObject,объект Дзета ПС,trace_guard,Дзета,2,,,0,169,1,2026-09-27T00:00:00+03:00,"{""type"":""LineString"",""coordinates"":[[12002.6,-8844.2],[11964.8,-8811.5],[11929.2,-8776.4],[11894.3,-8740.6],[11858.8,-8705.4],[11823.4,-8670.1],[11790.3,-8632.7],[11759.0,-8593.7],[11729.7,-8553.2],[11703.7,-8510.5],[11682.4,-8465.3],[11664.7,-8418.5],[11649.2,-8371.0],[11635.7,-8322.8],[11623.1,-8274.5],[11611.8,-8225.7],[11600.5,-8177.1],[11590.5,-8128.1],[11583.2,-8078.6],[11577.9,-8028.9],[11569.7,-7979.6],[11556.1,-7931.5],[11538.1,-7884.9],[11517.3,-7839.4],[11492.7,-7795.9],[11464.3,-7754.8],[11433.4,-7715.5],[11400.3,-7678.0],[11364.2,-7643.5],[11324.7,-7612.8],[11282.3,-7586.3],[11238.4,-7562.4],[11192.9,-7541.6],[11145.8,-7525.0],[11107.3,-7514.2]]}"
5582,3,12,guardObject,объект Зита ОС,trace_guard,Зита,2,,,0,8,1,2026-09-27T00:00:00+03:00,"{""type"":""LineString"",""coordinates"":[[14129.9,-7349.2],[14124.7,-7299.5],[14120.3,-7269.8]]}"
5583,3,12,guardObject,объект Зита ПС,trace_guard,Зита,2,,,0,8,1,2026-09-27T00:00:00+03:00,"{""type"":""LineString"",""coordinates"":[[14129.9,-7349.2],[14124.7,-7299.5],[14120.3,-7269.8]]}"
5591,3,12,controlHouse,объект Зита ДУ,control,Зита,2,,,0,8,1,2026-09-27T00:00:00+03:00,"{""type"":""LineString"",""coordinates"":[[14129.9,-7349.2],[14124.7,-7299.5],[14120.3,-7269.8]]}"
5593,3,12,controlHouse,объект Зита шкафы,cabinet,Зита,2,,,0,0,1,2026-09-27T00:00:00+03:00,"{""type"":""Point"",""coordinates"":[14117.9,-7350.3]}"
5594,3,12,controlHouse,объект Дзета щит. ПК48 Г1 ПК5,cabinet,Дзета,2,,,48,48,1,2026-09-27T00:00:00+03:00,"{""type"":""Point"",""coordinates"":[11679.5,-8488.7]}"
42,3,15,guardObject,объект Каппа ОС,trace_guard,Каппа,2,,,507,863,1,2026-09-27T00:00:00+03:00,"{""type"":""LineString"",""coordinates"":[[18611.4,-8524.9],[18646.5,-8489.4],[18680.7,-8452.9],[18713.6,-8415.2],[18743.4,-8375.1],[18770.0,-8332.7],[18794.4,-8289.1],[18816.8,-8244.4],[18837.3,-8198.8],[18856.5,-8152.6],[18873.9,-8105.8],[18889.7,-8058.4],[18904.2,-8010.5],[18918.9,-7962.7],[18935.2,-7915.5],[18952.9,-7868.7],[18970.6,-7821.9],[18988.1,-7775.1],[19003.8,-7727.6],[19017.2,-7679.5],[19028.3,-7630.7],[19038.0,-7581.7],[19046.0,-7532.3],[19051.4,-7482.6],[19051.8,-7432.6],[19047.7,-7382.8],[19037.6,-7333.9],[19021.7,-7286.5],[19000.2,-7241.4],[18975.2,-7198.1],[18949.6,-7155.1],[18923.8,-7112.3],[18895.2,-7071.3],[18862.2,-7033.9],[18825.3,-7000.1],[18785.5,-6969.9],[18743.2,-6943.2],[18698.9,-6920.0],[18652.3,-6902.2],[18603.8,-6889.9],[18554.4,-6882.4],[18504.5,-6879.4],[18454.5,-6879.0],[18404.5,-6879.6],[18354.5,-6878.9],[18304.5,-6877.2],[18254.6,-6876.2],[18204.6,-6876.8],[18154.6,-6878.8],[18104.8,-6882.5],[18055.1,-6888.2],[18005.4,-6894.0],[17955.7,-6899.0],[17905.8,-6903.2],[17856.2,-6908.7],[17806.8,-6916.5],[17758.4,-6928.9],[17711.2,-6945.5],[17665.6,-6966.1],[17621.5,-6989.5],[17578.4,-7014.8],[17536.5,-7042.2],[17497.7,-7073.6],[17461.6,-7108.2],[17429.3,-7146.4],[17401.4,-7187.8],[17377.1,-7231.5],[17356.2,-7276.9],[17340.5,-7324.3],[17328.0,-7372.8],[17318.3,-7421.8],[17308.6,-7470.8],[17306.3,-7480.6]]}"
5567,3,15,guardObject,объект Каппа ПС,trace_guard,Каппа,2,,,506,863,1,2026-09-27T00:00:00+03:00,"{""type"":""LineString"",""coordinates"":[[18604.4,-8532.1],[18639.5,-8496.5],[18674.0,-8460.3],[18707.2,-8422.9],[18737.7,-8383.3],[18764.8,-8341.3],[18789.6,-8297.9],[18812.5,-8253.4],[18833.3,-8208.0],[18852.7,-8161.9],[18870.6,-8115.2],[18886.7,-8067.9],[18901.4,-8020.1],[18915.8,-7972.2],[18931.8,-7924.9],[18949.3,-7878.0],[18967.1,-7831.3],[18984.6,-7784.5],[19000.8,-7737.2],[19014.7,-7689.2],[19026.2,-7640.5],[19036.1,-7591.5],[19044.6,-7542.2],[19050.7,-7492.6],[19052.1,-7442.6],[19049.0,-7392.7],[19040.1,-7343.6],[19025.4,-7295.8],[19004.9,-7250.3],[18980.3,-7206.7],[18954.7,-7163.7],[18929.1,-7120.8],[18901.3,-7079.3],[18869.1,-7041.0],[18832.9,-7006.6],[18793.7,-6975.6],[18751.8,-6948.3],[18708.0,-6924.2],[18661.8,-6905.3],[18613.6,-6892.0],[18564.3,-6883.5],[18514.5,-6879.6],[18464.5,-6878.9],[18414.5,-6879.5],[18364.5,-6879.1],[18314.5,-6877.5],[18264.6,-6876.3],[18214.6,-6876.6],[18164.6,-6878.3],[18114.7,-6881.6],[18065.0,-6887.0],[18015.4,-6892.9],[17965.6,-6898.1],[17915.8,-6902.3],[17866.1,-6907.5],[17816.6,-6914.7],[17767.9,-6926.0],[17720.5,-6941.9],[17674.6,-6961.7],[17630.2,-6984.6],[17586.9,-7009.7],[17544.7,-7036.4],[17505.2,-7067.1],[17468.5,-7101.0],[17435.4,-7138.4],[17406.7,-7179.3],[17381.7,-7222.6],[17360.0,-7267.6],[17343.2,-7314.7],[17330.3,-7363.0],[17320.1,-7412.0],[17310.8,-7461.1],[17306.3,-7480.6]]}"
5574,3,15,controlHouse,объект Каппа шкафы,cabinet,Каппа,2,,,583,863,1,2026-09-27T00:00:00+03:00,"{""type"":""Point"",""coordinates"":[19035.8,-7384.4]}"
5657,3,15,controlHouse,объект Каппа ДУ,control,Каппа,2,,,508,863,1,2026-09-27T00:00:00+03:00,"{""type"":""LineString"",""coordinates"":[[18618.4,-8517.8],[18653.5,-8482.2],[18687.4,-8445.5],[18719.8,-8407.4],[18748.9,-8366.8],[18775.0,-8324.1],[18799.0,-8280.3],[18821.0,-8235.4],[18841.2,-8189.6],[18860.1,-8143.3],[18877.2,-8096.4],[18892.7,-8048.8],[18907.1,-8000.9],[18922.0,-7953.2],[18938.7,-7906.1],[18956.5,-7859.4],[18974.1,-7812.6],[18991.4,-7765.7],[19006.7,-7718.0],[19019.6,-7669.8],[19030.3,-7620.9],[19039.7,-7571.8],[19047.4,-7522.4],[19051.8,-7472.6],[19051.4,-7422.6],[19046.2,-7372.9],[19034.9,-7324.3],[19017.8,-7277.3],[18995.3,-7232.7],[18970.1,-7189.5],[18944.6,-7146.5],[18918.4,-7103.9],[18889.0,-7063.5],[18855.0,-7026.8],[18817.6,-6993.8],[18777.2,-6964.3],[18734.6,-6938.2],[18689.8,-6916.0],[18642.7,-6899.3],[18594.0,-6888.1],[18544.4,-6881.4],[18494.5,-6879.2],[18444.5,-6879.1],[18394.5,-6879.6],[18344.5,-6878.6],[18294.6,-6876.9],[18244.6,-6876.2],[18194.6,-6877.1],[18144.6,-6879.4],[18094.8,-6883.5],[18045.1,-6889.4],[17995.5,-6895.1],[17945.7,-6899.8],[17895.9,-6904.2],[17846.2,-6910.0],[17797.0,-6918.6],[17748.8,-6931.9],[17702.0,-6949.3],[17656.7,-6970.6],[17612.8,-6994.5],[17569.8,-7020.0],[17528.5,-7048.2],[17490.2,-7080.3],[17454.8,-7115.6],[17423.4,-7154.4],[17396.3,-7196.4],[17372.6,-7240.4],[17352.6,-7286.2],[17337.8,-7334.0],[17325.8,-7382.5],[17316.5,-7431.6],[17306.3,-7480.6]]}"
3215,3,3218,guardObject,объект Йота,trace_guard,Йота,3,,,500,852,1,2026-09-27T00:00:00+03:00,"{""type"":""LineString"",""coordinates"":[[1709.9,-12185.9],[1660.0,-12188.5],[1610.0,-12190.1],[1560.0,-12189.2],[1510.1,-12186.5],[1460.2,-12182.9],[1410.4,-12179.5],[1360.4,-12178.5],[1310.4,-12179.3],[1260.4,-12181.9],[1210.5,-12184.4],[1160.5,-12185.7],[1110.5,-12184.8],[1060.8,-12180.3],[1011.5,-12171.9],[962.5,-12161.7],[913.7,-12151.0],[864.5,-12142.0],[815.1,-12134.5],[765.4,-12129.0],[715.5,-12126.3],[665.5,-12126.4],[615.6,-12130.3],[566.0,-12136.0],[516.5,-12143.1],[467.7,-12153.9],[419.9,-12168.5],[374.0,-12188.4],[330.4,-12212.7],[289.3,-12241.2],[251.0,-12273.3],[215.1,-12308.1],[181.9,-12345.5],[151.2,-12384.9],[122.5,-12425.8],[96.4,-12468.5],[72.1,-12512.2],[50.4,-12557.3],[32.8,-12604.0],[20.3,-12652.4],[12.4,-12701.8],[6.9,-12751.5],[2.3,-12801.2],[0.1,-12851.2],[1.1,-12901.2],[4.5,-12951.1],[8.4,-13000.9],[11.5,-13050.8],[13.2,-13100.8],[16.2,-13150.7],[22.1,-13200.3],[31.0,-13249.5],[42.0,-13298.3],[54.5,-13346.7],[68.5,-13394.7],[83.3,-13442.5],[100.8,-13489.3],[120.1,-13535.4],[140.3,-13581.1],[161.7,-13626.3],[184.7,-13670.7],[211.6,-13712.8],[241.2,-13753.2],[272.4,-13792.2],[305.3,-13829.9],[339.6,-13866.2],[374.5,-13902.1],[410.5,-13936.8],[446.3,-13971.7],[481.3,-14007.3],[516.5,-14042.9],[530.8,-14056.8]]}"
3216,3,3218,controlHouse,ДП объект Йота,base,Йота,3,,,,,1,2026-09-27T00:00:00+03:00,"{""type"":""Point"",""coordinates"":[1721.4,-12215.4]}"
3250,3,3218,controlHouse,Шкаф ОПС объект Йота,cabinet,Йота,3,,,765,765,1,2026-09-27T00:00:00+03:00,"{""type"":""Point"",""coordinates"":[66.1,-13343.6]}"
5218,3,3218,controlHouse,объект Йота ДУ,control,Йота,3,,,499,842,1,2026-09-27T00:00:00+03:00,"{""type"":""LineString"",""coordinates"":[[1719.9,-12185.4],[1670.0,-12188.0],[1620.0,-12190.0],[1570.0,-12189.6],[1520.1,-12187.2],[1470.2,-12183.7],[1420.3,-12180.0],[1370.4,-12178.5],[1320.4,-12179.0],[1270.4,-12181.3],[1220.5,-12184.0],[1170.5,-12185.5],[1120.5,-12185.3],[1070.7,-12181.5],[1021.3,-12173.8],[972.3,-12163.8],[923.5,-12153.1],[874.4,-12143.7],[825.0,-12135.8],[775.4,-12129.9],[725.5,-12126.7],[675.5,-12126.1],[625.6,-12129.3],[575.9,-12134.7],[526.3,-12141.4],[477.4,-12151.5],[429.3,-12165.2],[383.0,-12184.0],[338.9,-12207.5],[297.3,-12235.2],[258.5,-12266.7],[222.1,-12300.9],[188.3,-12337.8],[157.2,-12376.9],[128.0,-12417.5],[101.4,-12459.9],[76.8,-12503.4],[54.5,-12548.1],[35.9,-12594.5],[22.4,-12642.6],[13.7,-12691.9],[7.9,-12741.5],[3.1,-12791.3],[0.3,-12841.2],[0.7,-12891.2],[3.7,-12941.1],[7.7,-12990.9],[11.0,-13040.8],[12.8,-13090.8],[15.4,-13140.7],[20.7,-13190.4],[29.0,-13239.7],[39.7,-13288.6],[51.9,-13337.0],[65.6,-13385.1],[80.1,-13433.0],[97.1,-13480.0],[116.1,-13526.2],[136.2,-13572.0],[157.3,-13617.3],[179.9,-13661.9],[206.0,-13704.6],[235.1,-13745.2],[266.1,-13784.5],[298.5,-13822.5],[332.7,-13859.0],[367.4,-13895.0],[403.3,-13929.8],[439.1,-13964.6],[460.4,-13985.8]]}"
3356,3,3355,guardObject,ПС объект Тау,trace_guard,Тау,3,,,0,602,1,2026-09-27T00:00:00+03:00,"{""type"":""LineString"",""coordinates"":[[3321.8,-15128.5],[3300.8,-15083.1],[3282.8,-15036.5],[3267.4,-14988.9],[3255.9,-14940.3],[3249.4,-14890.7],[3247.5,-14840.8],[3248.2,-14790.8],[3252.3,-14741.0],[3260.9,-14691.8],[3275.1,-14643.8],[3294.6,-14597.8],[3317.2,-14553.2],[3341.9,-14509.7],[3367.9,-14467.1],[3395.0,-14425.0],[3423.7,-14384.1],[3454.1,-14344.4],[3484.3,-14304.6],[3514.6,-14264.8],[3544.3,-14224.5],[3571.9,-14182.9],[3597.7,-14140.0],[3620.7,-14095.7],[3640.9,-14049.9],[3658.7,-14003.2],[3675.6,-13956.1],[3693.0,-13909.3],[3710.1,-13862.3],[3726.3,-13815.0],[3742.4,-13767.7],[3758.7,-13720.4],[3775.2,-13673.2],[3792.2,-13626.2],[3809.7,-13579.3],[3827.8,-13532.7],[3847.0,-13486.6],[3867.8,-13441.1],[3889.6,-13396.1],[3911.1,-13351.0],[3935.2,-13307.2],[3962.1,-13265.0],[3991.4,-13224.5],[4023.0,-13185.8],[4055.9,-13148.1],[4090.1,-13111.6],[4126.1,-13076.9],[4163.9,-13044.2],[4203.3,-13013.5],[4244.9,-12985.8],[4288.0,-12960.4],[4331.7,-12936.0],[4374.8,-12910.8],[4417.5,-12884.8],[4459.1,-12857.0],[4499.3,-12827.4],[4537.2,-12794.8],[4572.6,-12759.4],[4606.6,-12722.7],[4639.8,-12685.4],[4672.4,-12647.5],[4705.2,-12609.7],[4739.5,-12573.4],[4776.6,-12539.8],[4816.2,-12509.3],[4857.2,-12480.7],[4898.4,-12452.4],[4939.8,-12424.4],[4980.6,-12395.5],[5020.0,-12364.7],[5057.6,-12331.8],[5094.7,-12298.2],[5132.7,-12265.7],[5171.8,-12234.5],[5212.2,-12205.1],[5254.7,-12178.8],[5298.7,-12155.1],[5343.4,-12132.6],[5387.7,-12109.6],[5430.7,-12084.1],[5471.4,-12055.1],[5511.6,-12025.3],[5552.0,-11995.8],[5592.3,-11966.2],[5632.0,-11935.9],[5672.5,-11906.6],[5714.4,-11879.3],[5757.6,-11854.1],[5801.1,-11829.5],[5845.8,-11807.0],[5891.4,-11786.6],[5937.5,-11767.1],[5984.4,-11749.9],[6032.2,-11735.3],[6080.6,-11722.6],[6128.7,-11709.0],[6176.1,-11693.3],[6223.1,-11676.1],[6268.7,-11655.7],[6312.9,-11632.3],[6355.4,-11605.9],[6395.8,-11576.5],[6432.3,-11542.4],[6464.5,-11504.2],[6492.7,-11462.9],[6518.9,-11420.3],[6545.6,-11378.1],[6575.5,-11338.0],[6609.8,-11301.7],[6647.5,-11268.8],[6687.4,-11238.7],[6728.9,-11210.8],[6771.3,-11184.3],[6815.4,-11160.8],[6859.6,-11137.5],[6904.2,-11114.9],[6950.1,-11095.1],[6996.8,-11077.1],[7043.2,-11058.4],[7089.6,-11039.9],[7135.8,-11020.8],[7154.1,-11012.8]]}"
3388,3,3355,controlHouse,ДУ объект Тау,control,Тау,3,,,0,585,1,2026-09-27T00:00:00+03:00,"{""type"":""LineString"",""coordinates"":[[3321.8,-15128.5],[3300.8,-15083.1],[3282.8,-15036.5],[3267.4,-14988.9],[3255.9,-14940.3],[3249.4,-14890.7],[3247.5,-14840.8],[3248.2,-14790.8],[3252.3,-14741.0],[3260.9,-14691.8],[3275.1,-14643.8],[3294.6,-14597.8],[3317.2,-14553.2],[3341.9,-14509.7],[3367.9,-14467.1],[3395.0,-14425.0],[3423.7,-14384.1],[3454.1,-14344.4],[3484.3,-14304.6],[3514.6,-14264.8],[3544.3,-14224.5],[3571.9,-14182.9],[3597.7,-14140.0],[3620.7,-14095.7],[3640.9,-14049.9],[3658.7,-14003.2],[3675.6,-13956.1],[3693.0,-13909.3],[3710.1,-13862.3],[3726.3,-13815.0],[3742.4,-13767.7],[3758.7,-13720.4],[3775.2,-13673.2],[3792.2,-13626.2],[3809.7,-13579.3],[3827.8,-13532.7],[3847.0,-13486.6],[3867.8,-13441.1],[3889.6,-13396.1],[3911.1,-13351.0],[3935.2,-13307.2],[3962.1,-13265.0],[3991.4,-13224.5],[4023.0,-13185.8],[4055.9,-13148.1],[4090.1,-13111.6],[4126.1,-13076.9],[4163.9,-13044.2],[4203.3,-13013.5],[4244.9,-12985.8],[4288.0,-12960.4],[4331.7,-12936.0],[4374.8,-12910.8],[4417.5,-12884.8],[4459.1,-12857.0],[4499.3,-12827.4],[4537.2,-12794.8],[4572.6,-12759.4],[4606.6,-12722.7],[4639.8,-12685.4],[4672.4,-12647.5],[4705.2,-12609.7],[4739.5,-12573.4],[4776.6,-12539.8],[4816.2,-12509.3],[4857.2,-12480.7],[4898.4,-12452.4],[4939.8,-12424.4],[4980.6,-12395.5],[5020.0,-12364.7],[5057.6,-12331.8],[5094.7,-12298.2],[5132.7,-12265.7],[5171.8,-12234.5],[5212.2,-12205.1],[5254.7,-12178.8],[5298.7,-12155.1],[5343.4,-12132.6],[5387.7,-12109.6],[5430.7,-12084.1],[5471.4,-12055.1],[5511.6,-12025.3],[5552.0,-11995.8],[5592.3,-11966.2],[5632.0,-11935.9],[5672.5,-11906.6],[5714.4,-11879.3],[5757.6,-11854.1],[5801.1,-11829.5],[5845.8,-11807.0],[5891.4,-11786.6],[5937.5,-11767.1],[5984.4,-11749.9],[6032.2,-11735.3],[6080.6,-11722.6],[6128.7,-11709.0],[6176.1,-11693.3],[6223.1,-11676.1],[6268.7,-11655.7],[6312.9,-11632.3],[6355.4,-11605.9],[6395.8,-11576.5],[6432.3,-11542.4],[6464.5,-11504.2],[6492.7,-11462.9],[6518.9,-11420.3],[6545.6,-11378.1],[6575.5,-11338.0],[6609.8,-11301.7],[6647.5,-11268.8],[6687.4,-11238.7],[6728.9,-11210.8],[6771.3,-11184.3],[6815.4,-11160.8],[6859.6,-11137.5],[6904.2,-11114.9],[6950.1,-11095.1],[6996.8,-11077.1]]}"
5009,3,3355,controlHouse,Шкаф ОПС ПС объект Тау,cabinet,Тау,3,,,77,541,1,2026-09-27T00:00:00+03:00,"{""type"":""Point"",""coordinates"":[5213.8,-12189.6]}"
3360,3,3359,controlHouse,ДУ объект Омикрон,control,Омикрон,3,,,0,300,1,2026-09-27T00:00:00+03:00,"{""type"":""LineString"",""coordinates"":[[9186.0,-11674.1],[9169.8,-11721.4],[9156.9,-11769.7],[9148.0,-11818.8],[9144.8,-11868.7],[9147.5,-11918.6],[9154.2,-11968.1],[9162.5,-12017.5],[9171.3,-12066.7],[9180.4,-12115.9],[9190.4,-12164.8],[9201.3,-12213.6],[9214.1,-12262.0],[9228.4,-12309.9],[9243.4,-12357.6],[9258.2,-12405.3],[9271.6,-12453.5],[9282.7,-12502.2],[9290.2,-12551.7],[9292.8,-12601.6],[9289.7,-12651.4],[9280.9,-12700.6],[9269.7,-12749.4],[9256.7,-12797.6],[9242.4,-12845.6],[9227.8,-12893.4],[9214.3,-12941.5],[9201.7,-12989.9],[9189.4,-13038.4],[9176.3,-13086.6],[9163.9,-13135.1],[9151.5,-13183.5],[9137.2,-13231.4],[9119.2,-13278.0],[9099.1,-13323.8],[9077.3,-13368.8],[9052.3,-13412.1],[9025.1,-13454.0],[8996.7,-13495.2],[8969.3,-13537.0],[8943.5,-13579.8],[8918.6,-13623.2],[8893.4,-13666.4],[8868.1,-13709.5],[8842.9,-13752.7],[8818.4,-13796.3],[8794.1,-13840.0],[8769.3,-13883.4],[8745.2,-13927.2],[8722.8,-13971.9],[8701.7,-14017.2],[8683.0,-14063.6],[8669.6,-14111.7],[8661.3,-14161.0],[8657.0,-14210.8],[8655.2,-14260.8],[8654.1,-14310.8],[8655.7,-14360.7],[8660.4,-14410.5],[8668.0,-14459.9],[8679.4,-14508.6]]}"
4391,3,3359,guardObject,объект Омикрон,trace_guard,Омикрон,3,,,0,300,1,2026-09-27T00:00:00+03:00,"{""type"":""LineString"",""coordinates"":[[9186.0,-11674.1],[9169.8,-11721.4],[9156.9,-11769.7],[9148.0,-11818.8],[9144.8,-11868.7],[9147.5,-11918.6],[9154.2,-11968.1],[9162.5,-12017.5],[9171.3,-12066.7],[9180.4,-12115.9],[9190.4,-12164.8],[9201.3,-12213.6],[9214.1,-12262.0],[9228.4,-12309.9],[9243.4,-12357.6],[9258.2,-12405.3],[9271.6,-12453.5],[9282.7,-12502.2],[9290.2,-12551.7],[9292.8,-12601.6],[9289.7,-12651.4],[9280.9,-12700.6],[9269.7,-12749.4],[9256.7,-12797.6],[9242.4,-12845.6],[9227.8,-12893.4],[9214.3,-12941.5],[9201.7,-12989.9],[9189.4,-13038.4],[9176.3,-13086.6],[9163.9,-13135.1],[9151.5,-13183.5],[9137.2,-13231.4],[9119.2,-13278.0],[9099.1,-13323.8],[9077.3,-13368.8],[9052.3,-13412.1],[9025.1,-13454.0],[8996.7,-13495.2],[8969.3,-13537.0],[8943.5,-13579.8],[8918.6,-13623.2],[8893.4,-13666.4],[8868.1,-13709.5],[8842.9,-13752.7],[8818.4,-13796.3],[8794.1,-13840.0],[8769.3,-13883.4],[8745.2,-13927.2],[8722.8,-13971.9],[8701.7,-14017.2],[8683.0,-14063.6],[8669.6,-14111.7],[8661.3,-14161.0],[8657.0,-14210.8],[8655.2,-14260.8],[8654.1,-14310.8],[8655.7,-14360.7],[8660.4,-14410.5],[8668.0,-14459.9],[8679.4,-14508.6]]}"
4392,3,3359,controlHouse,ДП объект Омикрон,base,Омикрон,3,,,20,20,1,2026-09-27T00:00:00+03:00,"{""type"":""Point"",""coordinates"":[9174.8,-11869.1]}"
4763,3,3359,controlHouse,Шкаф ОПС объект Омикрон,cabinet,Омикрон,3,,,5,300,1,2026-09-27T00:00:00+03:00,"{""type"":""Point"",""coordinates"":[9062.6,-13418.4]}"
5674,3,3828,controlHouse,объект Мю ДП,base,Мю,3,,,,,1,2026-09-27T00:00:00+03:00,"{""type"":""Point"",""coordinates"":[16329.7,-12596.2]}"
5675,3,3828,controlHouse,объект Мю ДУ,control,Мю,3,,,0,490,1,2026-09-27T00:00:00+03:00,"{""type"":""LineString"",""coordinates"":[[16324.9,-12566.6],[16275.8,-12576.0],[16227.2,-12587.9],[16179.4,-12602.3],[16132.2,-12618.8],[16085.7,-12637.2],[16040.0,-12657.5],[15995.3,-12679.9],[15952.4,-12705.5],[15911.7,-12734.6],[15873.7,-12767.1],[15838.1,-12802.2],[15804.3,-12839.0],[15772.7,-12877.8],[15743.6,-12918.4],[15715.7,-12959.9],[15688.6,-13001.9],[15662.2,-13044.4],[15635.2,-13086.4],[15608.0,-13128.4],[15580.9,-13170.4],[15552.9,-13211.8],[15522.4,-13251.4],[15489.9,-13289.4],[15455.4,-13325.6],[15419.2,-13360.1],[15381.4,-13392.8],[15342.4,-13424.1],[15301.9,-13453.4],[15260.2,-13481.1],[15217.4,-13506.9],[15174.1,-13531.8],[15131.7,-13558.3],[15089.9,-13585.8],[15047.4,-13612.1],[15004.1,-13637.0],[14959.8,-13660.2],[14914.0,-13680.2],[14867.0,-13697.3],[14819.0,-13711.3],[14770.3,-13722.5],[14720.9,-13730.3],[14671.2,-13736.1],[14621.4,-13740.0],[14571.4,-13741.6],[14521.5,-13739.8],[14471.7,-13734.9],[14421.9,-13730.2],[14372.2,-13725.3],[14322.6,-13718.7],[14273.5,-13709.5],[14225.5,-13695.4],[14179.3,-13676.4],[14135.3,-13652.7],[14094.1,-13624.4],[14056.0,-13592.0],[14018.9,-13558.5],[13982.9,-13523.8],[13948.2,-13487.9],[13915.1,-13450.4],[13884.6,-13410.8],[13855.8,-13369.9],[13829.2,-13327.5],[13806.4,-13283.1],[13785.2,-13237.8],[13763.8,-13192.6],[13742.9,-13147.2],[13722.6,-13101.5],[13702.8,-13055.6],[13682.7,-13009.8],[13661.6,-12964.5],[13638.5,-12920.1],[13613.8,-12876.7],[13587.6,-12834.1],[13558.4,-12793.5],[13526.0,-12755.4],[13490.9,-12719.9],[13454.1,-12686.0],[13415.8,-12653.9],[13375.9,-12623.7],[13334.9,-12595.1],[13293.4,-12567.2],[13250.6,-12541.5],[13205.9,-12519.1],[13160.1,-12499.1],[13113.0,-12482.0],[13065.2,-12467.4],[13016.8,-12455.0],[12967.7,-12445.6],[12917.9,-12441.2],[12868.0,-12442.6],[12818.3,-12448.5],[12769.1,-12457.1],[12720.6,-12469.3],[12673.3,-12485.3],[12626.7,-12503.4],[12580.3,-12522.1],[12534.4,-12541.9],[12489.1,-12563.1]]}"
5676,3,3828,guardObject,объект Мю ОС,trace_guard,Мю,3,,,0,500,1,2026-09-27T00:00:00+03:00,"{""type"":""LineString"",""coordinates"":[[16324.9,-12566.6],[16275.8,-12576.0],[16227.2,-12587.9],[16179.4,-12602.3],[16132.2,-12618.8],[16085.7,-12637.2],[16040.0,-12657.5],[15995.3,-12679.9],[15952.4,-12705.5],[15911.7,-12734.6],[15873.7,-12767.1],[15838.1,-12802.2],[15804.3,-12839.0],[15772.7,-12877.8],[15743.6,-12918.4],[15715.7,-12959.9],[15688.6,-13001.9],[15662.2,-13044.4],[15635.2,-13086.4],[15608.0,-13128.4],[15580.9,-13170.4],[15552.9,-13211.8],[15522.4,-13251.4],[15489.9,-13289.4],[15455.4,-13325.6],[15419.2,-13360.1],[15381.4,-13392.8],[15342.4,-13424.1],[15301.9,-13453.4],[15260.2,-13481.1],[15217.4,-13506.9],[15174.1,-13531.8],[15131.7,-13558.3],[15089.9,-13585.8],[15047.4,-13612.1],[15004.1,-13637.0],[14959.8,-13660.2],[14914.0,-13680.2],[14867.0,-13697.3],[14819.0,-13711.3],[14770.3,-13722.5],[14720.9,-13730.3],[14671.2,-13736.1],[14621.4,-13740.0],[14571.4,-13741.6],[14521.5,-13739.8],[14471.7,-13734.9],[14421.9,-13730.2],[14372.2,-13725.3],[14322.6,-13718.7],[14273.5,-13709.5],[14225.5,-13695.4],[14179.3,-13676.4],[14135.3,-13652.7],[14094.1,-13624.4],[14056.0,-13592.0],[14018.9,-13558.5],[13982.9,-13523.8],[13948.2,-13487.9],[13915.1,-13450.4],[13884.6,-13410.8],[13855.8,-13369.9],[13829.2,-13327.5],[13806.4,-13283.1],[13785.2,-13237.8],[13763.8,-13192.6],[13742.9,-13147.2],[13722.6,-13101.5],[13702.8,-13055.6],[13682.7,-13009.8],[13661.6,-12964.5],[13638.5,-12920.1],[13613.8,-12876.7],[13587.6,-12834.1],[13558.4,-12793.5],[13526.0,-12755.4],[13490.9,-12719.9],[13454.1,-12686.0],[13415.8,-12653.9],[13375.9,-12623.7],[13334.9,-12595.1],[13293.4,-12567.2],[13250.6,-12541.5],[13205.9,-12519.1],[13160.1,-12499.1],[13113.0,-12482.0],[13065.2,-12467.4],[13016.8,-12455.0],[12967.7,-12445.6],[12917.9,-12441.2],[12868.0,-12442.6],[12818.3,-12448.5],[12769.1,-12457.1],[12720.6,-12469.3],[12673.3,-12485.3],[12626.7,-12503.4],[12580.3,-12522.1],[12534.4,-12541.9],[12489.1,-12563.1],[12444.8,-12586.4],[12400.3,-12609.2]]}"
5677,3,3828,guardObject,объект Мю ПС,trace_guard,Мю,3,,,0,500,1,2026-09-27T00:00:00+03:00,"{""type"":""LineString"",""coordinates"":[[16324.9,-12566.6],[16275.8,-12576.0],[16227.2,-12587.9],[16179.4,-12602.3],[16132.2,-12618.8],[16085.7,-12637.2],[16040.0,-12657.5],[15995.3,-12679.9],[15952.4,-12705.5],[15911.7,-12734.6],[15873.7,-12767.1],[15838.1,-12802.2],[15804.3,-12839.0],[15772.7,-12877.8],[15743.6,-12918.4],[15715.7,-12959.9],[15688.6,-13001.9],[15662.2,-13044.4],[15635.2,-13086.4],[15608.0,-13128.4],[15580.9,-13170.4],[15552.9,-13211.8],[15522.4,-13251.4],[15489.9,-13289.4],[15455.4,-13325.6],[15419.2,-13360.1],[15381.4,-13392.8],[15342.4,-13424.1],[15301.9,-13453.4],[15260.2,-13481.1],[15217.4,-13506.9],[15174.1,-13531.8],[15131.7,-13558.3],[15089.9,-13585.8],[15047.4,-13612.1],[15004.1,-13637.0],[14959.8,-13660.2],[14914.0,-13680.2],[14867.0,-13697.3],[14819.0,-13711.3],[14770.3,-13722.5],[14720.9,-13730.3],[14671.2,-13736.1],[14621.4,-13740.0],[14571.4,-13741.6],[14521.5,-13739.8],[14471.7,-13734.9],[14421.9,-13730.2],[14372.2,-13725.3],[14322.6,-13718.7],[14273.5,-13709.5],[14225.5,-13695.4],[14179.3,-13676.4],[14135.3,-13652.7],[14094.1,-13624.4],[14056.0,-13592.0],[14018.9,-13558.5],[13982.9,-13523.8],[13948.2,-13487.9],[13915.1,-13450.4],[13884.6,-13410.8],[13855.8,-13369.9],[13829.2,-13327.5],[13806.4,-13283.1],[13785.2,-13237.8],[13763.8,-13192.6],[13742.9,-13147.2],[13722.6,-13101.5],[13702.8,-13055.6],[13682.7,-13009.8],[13661.6,-12964.5],[13638.5,-12920.1],[13613.8,-12876.7],[13587.6,-12834.1],[13558.4,-12793.5],[13526.0,-12755.4],[13490.9,-12719.9],[13454.1,-12686.0],[13415.8,-12653.9],[13375.9,-12623.7],[13334.9,-12595.1],[13293.4,-12567.2],[13250.6,-12541.5],[13205.9,-12519.1],[13160.1,-12499.1],[13113.0,-12482.0],[13065.2,-12467.4],[13016.8,-12455.0],[12967.7,-12445.6],[12917.9,-12441.2],[12868.0,-12442.6],[12818.3,-12448.5],[12769.1,-12457.1],[12720.6,-12469.3],[12673.3,-12485.3],[12626.7,-12503.4],[12580.3,-12522.1],[12534.4,-12541.9],[12489.1,-12563.1],[12444.8,-12586.4],[12400.3,-12609.2]]}"
5678,3,3828,controlHouse,объект Мю шкафы,cabinet,Мю,3,,,146,399,1,2026-09-27T00:00:00+03:00,"{""type"":""Point"",""coordinates"":[13336.4,-12610.6]}"
5773,1,,district,Район по эксплуатации,district,,,,,,,1,2026-09-27T00:00:00+03:00,"{""type"":""Polygon"",""coordinates"":[[[-2000.0,-22131.2],[21173.3,-22131.2],[21173.3,2000.0],[-2000.0,2000.0],[-2000.0,-22131.2]]]}"
4069,3,4068,guardObject,объект Сигма,trace_guard,Сигма,4,,,0,78,1,2026-09-27T00:00:00+03:00,"{""type"":""LineString"",""coordinates"":[[0.0,-18440.9],[49.5,-18433.7],[99.1,-18428.0],[148.9,-18422.6],[198.6,-18417.4],[248.3,-18412.1],[298.0,-18406.3],[347.5,-18399.8],[397.3,-18395.4],[447.2,-18391.6],[497.0,-18387.5],[546.9,-18383.9],[596.8,-18381.5],[646.8,-18378.6],[696.6,-18374.4],[745.9,-18366.6],[775.2,-18360.2]]}"
4177,3,4068,controlHouse,ДП объект Сигма,base,Сигма,4,,,0,72,1,2026-09-27T00:00:00+03:00,"{""type"":""Point"",""coordinates"":[135.6,-18393.9]}"
4768,3,4068,controlHouse,Шкаф ОПС объект Сигма,cabinet,Сигма,4,,,,,1,2026-09-27T00:00:00+03:00,"{""type"":""Point"",""coordinates"":[-1.9,-18429.0]}"
108,3,4356,controlHouse,ДП ПС объект Ро,base,Ро,4,,,,,1,2026-09-27T00:00:00+03:00,"{""type"":""Point"",""coordinates"":[2845.5,-17343.5]}"
4369,3,4356,controlHouse,ДУ ПС объект Ро,control,Ро,4,,,0,228,1,2026-09-27T00:00:00+03:00,"{""type"":""LineString"",""coordinates"":[[2825.1,-17321.5],[2788.5,-17355.5],[2753.6,-17391.4],[2722.4,-17430.4],[2695.1,-17472.2],[2671.9,-17516.5],[2653.4,-17563.0],[2639.8,-17611.1],[2629.7,-17660.0],[2622.9,-17709.6],[2619.7,-17759.4],[2619.9,-17809.4],[2622.6,-17859.4],[2625.7,-17909.3],[2626.3,-17959.2],[2624.9,-18009.2],[2619.9,-18058.9],[2611.6,-18108.2],[2601.2,-18157.2],[2588.2,-18205.4],[2573.6,-18253.3],[2558.3,-18300.8],[2541.4,-18347.9],[2521.4,-18393.7],[2497.3,-18437.5],[2473.5,-18481.5],[2451.5,-18526.4],[2431.4,-18572.2],[2411.8,-18618.2],[2392.6,-18664.3],[2373.8,-18710.7],[2355.9,-18757.3],[2339.8,-18804.7],[2324.4,-18852.3],[2309.7,-18900.0],[2297.4,-18948.5],[2288.0,-18997.6],[2281.7,-19047.2],[2277.2,-19097.0],[2275.2,-19146.9],[2277.1,-19196.9],[2282.4,-19246.6],[2291.9,-19295.6],[2307.1,-19343.3],[2325.9,-19389.6],[2346.8,-19435.0],[2360.1,-19461.9]]}"
4370,3,4356,guardObject,объект Ро,trace_guard,Ро,4,,,0,230,1,2026-09-27T00:00:00+03:00,"{""type"":""LineString"",""coordinates"":[[2825.1,-17321.5],[2788.5,-17355.5],[2753.6,-17391.4],[2722.4,-17430.4],[2695.1,-17472.2],[2671.9,-17516.5],[2653.4,-17563.0],[2639.8,-17611.1],[2629.7,-17660.0],[2622.9,-17709.6],[2619.7,-17759.4],[2619.9,-17809.4],[2622.6,-17859.4],[2625.7,-17909.3],[2626.3,-17959.2],[2624.9,-18009.2],[2619.9,-18058.9],[2611.6,-18108.2],[2601.2,-18157.2],[2588.2,-18205.4],[2573.6,-18253.3],[2558.3,-18300.8],[2541.4,-18347.9],[2521.4,-18393.7],[2497.3,-18437.5],[2473.5,-18481.5],[2451.5,-18526.4],[2431.4,-18572.2],[2411.8,-18618.2],[2392.6,-18664.3],[2373.8,-18710.7],[2355.9,-18757.3],[2339.8,-18804.7],[2324.4,-18852.3],[2309.7,-18900.0],[2297.4,-18948.5],[2288.0,-18997.6],[2281.7,-19047.2],[2277.2,-19097.0],[2275.2,-19146.9],[2277.1,-19196.9],[2282.4,-19246.6],[2291.9,-19295.6],[2307.1,-19343.3],[2325.9,-19389.6],[2346.8,-19435.0],[2369.5,-19479.6]]}"
4569,3,4356,controlHouse,Шкаф ОПС ПС объект Ро,cabinet,Ро,4,,,34,192,1,2026-09-27T00:00:00+03:00,"{""type"":""Point"",""coordinates"":[2637.1,-17691.3]}"
4574,3,4573,controlHouse,ДП ПС объект Омега,base,Омега,4,,,,,1,2026-09-27T00:00:00+03:00,"{""type"":""Point"",""coordinates"":[7330.9,-20160.5]}"
4577,3,4573,controlHouse,Шкаф ОПС ПС объект Омега,cabinet,Омега,4,,,55,440,1,2026-09-27T00:00:00+03:00,"{""type"":""Point"",""coordinates"":[5098.6,-18563.1]}"
4648,3,4573,guardObject,ПС объект Омега,trace_guard,Омега,4,,,0,522,1,2026-09-27T00:00:00+03:00,"{""type"":""LineString"",""coordinates"":[[7337.4,-20131.2],[7288.7,-20120.0],[7240.6,-20106.3],[7193.6,-20089.4],[7146.6,-20072.3],[7099.2,-20056.3],[7052.3,-20039.0],[7006.5,-20019.0],[6961.6,-19996.9],[6917.3,-19973.8],[6872.4,-19951.9],[6828.1,-19928.6],[6784.9,-19903.5],[6742.3,-19877.3],[6699.9,-19850.7],[6659.0,-19822.1],[6620.9,-19789.7],[6585.7,-19754.2],[6553.0,-19716.4],[6523.0,-19676.4],[6497.1,-19633.7],[6476.2,-19588.3],[6461.1,-19540.7],[6449.8,-19492.0],[6440.7,-19442.8],[6432.8,-19393.4],[6425.5,-19344.0],[6416.6,-19294.8],[6405.3,-19246.1],[6391.8,-19197.9],[6377.7,-19150.0],[6361.2,-19102.8],[6344.3,-19055.7],[6326.5,-19009.0],[6305.7,-18963.5],[6282.0,-18919.5],[6254.5,-18877.8],[6222.9,-18839.0],[6187.8,-18803.5],[6149.0,-18772.0],[6107.1,-18744.8],[6063.1,-18721.0],[6017.6,-18700.2],[5970.8,-18682.7],[5922.8,-18668.8],[5874.0,-18657.9],[5824.8,-18649.0],[5775.1,-18643.6],[5725.1,-18643.2],[5675.3,-18647.5],[5625.9,-18655.0],[5576.7,-18663.8],[5527.3,-18671.7],[5477.6,-18676.4],[5427.6,-18676.6],[5377.9,-18671.3],[5329.1,-18660.5],[5282.0,-18643.8],[5236.6,-18623.0],[5192.2,-18600.0],[5148.3,-18575.9],[5104.2,-18552.5],[5060.1,-18528.9],[5016.2,-18504.9],[4973.9,-18478.3],[4933.6,-18448.7],[4895.4,-18416.5],[4858.1,-18383.2],[4822.5,-18348.1],[4789.7,-18310.3],[4759.9,-18270.2],[4732.9,-18228.2],[4708.2,-18184.7],[4684.9,-18140.4],[4662.1,-18096.0],[4637.4,-18052.5],[4610.6,-18010.3],[4582.3,-17969.1],[4552.7,-17928.7],[4522.1,-17889.2],[4490.1,-17850.8],[4459.3,-17811.4],[4432.2,-17769.4],[4407.7,-17725.8],[4384.8,-17681.4],[4365.2,-17635.4],[4349.2,-17588.0],[4338.5,-17539.2],[4333.5,-17489.5],[4332.8,-17439.5],[4333.6,-17389.5],[4334.5,-17339.5],[4334.3,-17289.5],[4333.0,-17239.6],[4332.0,-17189.6],[4332.3,-17139.6],[4333.2,-17089.6],[4334.0,-17039.6],[4334.3,-16989.6],[4334.1,-16939.6],[4334.1,-16889.6],[4334.3,-16839.6],[4332.8,-16789.6],[4329.8,-16739.7],[4326.2,-16689.8],[4325.1,-16669.9]]}"
5003,3,4573,controlHouse,ДУ ПС объект Омега,control,Омега,4,,,0,522,1,2026-09-27T00:00:00+03:00,"{""type"":""LineString"",""coordinates"":[[7337.4,-20131.2],[7288.7,-20120.0],[7240.6,-20106.3],[7193.6,-20089.4],[7146.6,-20072.3],[7099.2,-20056.3],[7052.3,-20039.0],[7006.5,-20019.0],[6961.6,-19996.9],[6917.3,-19973.8],[6872.4,-19951.9],[6828.1,-19928.6],[6784.9,-19903.5],[6742.3,-19877.3],[6699.9,-19850.7],[6659.0,-19822.1],[6620.9,-19789.7],[6585.7,-19754.2],[6553.0,-19716.4],[6523.0,-19676.4],[6497.1,-19633.7],[6476.2,-19588.3],[6461.1,-19540.7],[6449.8,-19492.0],[6440.7,-19442.8],[6432.8,-19393.4],[6425.5,-19344.0],[6416.6,-19294.8],[6405.3,-19246.1],[6391.8,-19197.9],[6377.7,-19150.0],[6361.2,-19102.8],[6344.3,-19055.7],[6326.5,-19009.0],[6305.7,-18963.5],[6282.0,-18919.5],[6254.5,-18877.8],[6222.9,-18839.0],[6187.8,-18803.5],[6149.0,-18772.0],[6107.1,-18744.8],[6063.1,-18721.0],[6017.6,-18700.2],[5970.8,-18682.7],[5922.8,-18668.8],[5874.0,-18657.9],[5824.8,-18649.0],[5775.1,-18643.6],[5725.1,-18643.2],[5675.3,-18647.5],[5625.9,-18655.0],[5576.7,-18663.8],[5527.3,-18671.7],[5477.6,-18676.4],[5427.6,-18676.6],[5377.9,-18671.3],[5329.1,-18660.5],[5282.0,-18643.8],[5236.6,-18623.0],[5192.2,-18600.0],[5148.3,-18575.9],[5104.2,-18552.5],[5060.1,-18528.9],[5016.2,-18504.9],[4973.9,-18478.3],[4933.6,-18448.7],[4895.4,-18416.5],[4858.1,-18383.2],[4822.5,-18348.1],[4789.7,-18310.3],[4759.9,-18270.2],[4732.9,-18228.2],[4708.2,-18184.7],[4684.9,-18140.4],[4662.1,-18096.0],[4637.4,-18052.5],[4610.6,-18010.3],[4582.3,-17969.1],[4552.7,-17928.7],[4522.1,-17889.2],[4490.1,-17850.8],[4459.3,-17811.4],[4432.2,-17769.4],[4407.7,-17725.8],[4384.8,-17681.4],[4365.2,-17635.4],[4349.2,-17588.0],[4338.5,-17539.2],[4333.5,-17489.5],[4332.8,-17439.5],[4333.6,-17389.5],[4334.5,-17339.5],[4334.3,-17289.5],[4333.0,-17239.6],[4332.0,-17189.6],[4332.3,-17139.6],[4333.2,-17089.6],[4334.0,-17039.6],[4334.3,-16989.6],[4334.1,-16939.6],[4334.1,-16889.6],[4334.3,-16839.6],[4332.8,-16789.6],[4329.8,-16739.7],[4326.2,-16689.8],[4325.1,-16669.9]]}"
5332,3,5327,guardObject,объект Кси ПК0-ПК202,trace_guard,Кси,4,,,0,201,1,2026-09-27T00:00:00+03:00,"{""type"":""LineString"",""coordinates"":[[11263.0,-17760.5],[11230.7,-17798.7],[11198.4,-17836.8],[11169.1,-17877.3],[11142.3,-17919.5],[11116.4,-17962.3],[11091.4,-18005.6],[11066.1,-18048.7],[11040.9,-18091.9],[11015.4,-18134.9],[10989.2,-18177.5],[10961.2,-18218.9],[10931.8,-18259.4],[10900.4,-18298.3],[10867.5,-18335.9],[10832.5,-18371.7],[10795.5,-18405.3],[10756.7,-18436.8],[10716.0,-18465.7],[10674.7,-18493.9],[10633.5,-18522.3],[10592.6,-18551.1],[10552.3,-18580.7],[10512.0,-18610.3],[10471.2,-18639.1],[10430.1,-18667.7],[10389.1,-18696.3],[10347.6,-18724.1],[10306.0,-18751.9],[10264.1,-18779.2],[10221.5,-18805.4],[10178.6,-18831.0],[10134.5,-18854.7],[10089.5,-18876.3],[10043.8,-18896.6],[9998.3,-18917.3],[9953.2,-18938.9],[9908.0,-18960.4],[9862.5,-18981.1],[9816.4,-19000.5],[9769.1,-19016.5],[9759.4,-19019.1]]}"
5333,3,5327,controlHouse,ДУ объект Кси,control,Кси,4,,,1,301,1,2026-09-27T00:00:00+03:00,"{""type"":""LineString"",""coordinates"":[[11256.7,-17768.3],[11224.1,-17806.2],[11192.2,-17844.7],[11163.6,-17885.7],[11137.1,-17928.1],[11111.4,-17971.0],[11086.3,-18014.2],[11061.1,-18057.4],[11035.8,-18100.5],[11010.2,-18143.5],[10983.7,-18185.9],[10955.4,-18227.1],[10925.7,-18267.3],[10893.9,-18305.9],[10860.7,-18343.2],[10825.3,-18378.6],[10787.9,-18411.7],[10748.7,-18442.7],[10707.7,-18471.4],[10666.4,-18499.6],[10625.3,-18528.1],[10584.5,-18557.0],[10544.3,-18586.7],[10503.9,-18616.1],[10463.0,-18644.9],[10421.9,-18673.4],[10380.9,-18702.0],[10339.3,-18729.7],[10297.7,-18757.5],[10255.6,-18784.4],[10213.0,-18810.5],[10169.9,-18835.9],[10125.6,-18859.1],[10080.4,-18880.4],[10034.6,-18900.6],[9989.2,-18921.5],[9944.1,-18943.2],[9898.9,-18964.6],[9853.4,-18985.1],[9807.1,-19004.1],[9759.4,-19019.1],[9710.4,-19029.0],[9660.9,-19035.7],[9611.1,-19039.8],[9561.1,-19040.5],[9511.2,-19037.8],[9461.7,-19030.8],[9412.6,-19021.3],[9363.8,-19010.3],[9315.6,-18997.0],[9267.6,-18983.0],[9219.9,-18967.9],[9173.6,-18949.3],[9129.4,-18925.9],[9087.4,-18898.8],[9047.2,-18869.1],[9007.7,-18838.4],[8968.0,-18808.0],[8928.5,-18777.4],[8887.7,-18748.5],[8845.8,-18721.2]]}"
5336,3,5327,controlHouse,ДП объект Кси,base,Кси,4,,,,,1,2026-09-27T00:00:00+03:00,"{""type"":""Point"",""coordinates"":[11286.4,-17779.2]}"
5338,3,5327,controlHouse,"Шкаф ОПС, ДУ объект Кси",cabinet,Кси,4,,,60,276,1,2026-09-27T00:00:00+03:00,"{""type"":""Point"",""coordinates"":[9894.9,-18979.7]}"
5343,3,5327,guardObject,объект Кси ПК202-ПК302,trace_guard,Кси,4,,,202,302,1,2026-09-27T00:00:00+03:00,"{""type"":""LineString"",""coordinates"":[[9749.7,-19021.5],[9700.6,-19030.5],[9650.9,-19036.7],[9601.1,-19040.2],[9551.1,-19040.3],[9501.2,-19036.7],[9451.8,-19029.0],[9402.8,-19019.2],[9354.1,-19007.8],[9306.0,-18994.2],[9258.0,-18980.1],[9210.5,-18964.6],[9164.6,-18945.0],[9120.9,-18920.7],[9079.2,-18893.1],[9039.3,-18862.9],[8999.8,-18832.3],[8960.1,-18801.9],[8920.5,-18771.4],[8879.4,-18742.9],[8837.4,-18715.7]]}"
5,2,5773,controlHouse,объект Альфа,collector,,1,2/2,0.184,,,1,2026-09-27T00:00:00+03:00,"{""type"":""MultiLineString"",""coordinates"":[[[2315.3,-1159.5],[2218.4,-1134.8],[2120.7,-1113.7],[2023.4,-1090.8],[1925.9,-1068.4],[1827.2,-1052.5],[1728.2,-1038.5],[1629.2,-1024.1],[1530.6,-1007.3],[1432.2,-990.0],[1334.7,-967.5],[1236.6,-948.4],[1136.8,-944.1],[1036.9,-947.6],[936.9,-947.1],[837.0,-941.6],[738.6,-925.0],[642.4,-897.6],[544.8,-875.9],[445.6,-863.9],[345.7,-862.7],[246.2,-872.7],[146.4,-877.3],[46.6,-871.1],[36.7,-869.7]],[[2638.7,-2418.6],[2553.7,-2471.2],[2476.3,-2534.3],[2411.5,-2610.4],[2351.7,-2690.5],[2289.6,-2768.9],[2220.8,-2841.3],[2140.9,-2901.3],[2050.6,-2943.7],[1953.3,-2966.2],[1854.2,-2979.6],[1755.6,-2996.1],[1658.8,-3021.2],[1565.7,-3057.3],[1481.2,-3110.5],[1405.6,-3175.9],[1333.9,-3245.5],[1265.5,-3318.5],[1199.7,-3393.8],[1132.3,-3467.6],[1057.4,-3533.8]]]}"
6,2,5773,controlHouse,объект Бета,collector,,1,5/2,0.048,,,1,2026-09-27T00:00:00+03:00,"{""type"":""MultiLineString"",""coordinates"":[[[6198.7,-1946.1],[6099.2,-1955.7],[5999.4,-1962.7],[5899.6,-1967.9],[5799.8,-1962.4],[5701.4,-1945.3],[5604.8,-1919.3],[5508.4,-1892.7],[5410.7,-1871.8],[5311.5,-1858.8],[5211.7,-1853.0],[5151.8,-1851.0]],[[5044.7,-2544.5],[4975.3,-2472.5],[4904.4,-2402.0],[4828.7,-2336.8],[4742.8,-2285.9],[4651.9,-2244.3],[4556.8,-2213.8],[4458.2,-2197.1],[4358.7,-2188.1],[4258.7,-2190.1],[4158.7,-2191.3],[4138.7,-2191.5]]]}"
7,2,5773,controlHouse,объект Гамма,collector,,1,2/2,0.25,,,1,2026-09-27T00:00:00+03:00,"{""type"":""MultiLineString"",""coordinates"":[[[13851.7,-4252.6],[13841.7,-4153.2],[13826.5,-4054.3],[13809.4,-3955.8],[13794.3,-3856.9],[13774.2,-3759.0],[13748.1,-3662.5],[13711.7,-3569.4],[13671.0,-3478.1],[13626.4,-3388.6],[13577.7,-3301.2],[13523.5,-3217.2],[13468.3,-3133.9],[13416.9,-3048.1],[13375.7,-2957.1],[13336.8,-2865.0],[13293.7,-2774.7],[13241.7,-2689.4],[13181.8,-2609.4],[13118.1,-2532.3],[13051.7,-2457.5],[12975.4,-2393.2],[12887.7,-2345.4],[12793.6,-2311.7],[12697.1,-2285.5],[12598.6,-2268.6],[12498.8,-2268.3],[12400.2,-2284.7],[12305.4,-2316.2],[12216.1,-2360.9],[12134.3,-2418.3],[12063.7,-2489.0],[12001.0,-2566.8],[11943.7,-2648.7],[11890.8,-2733.6],[11837.9,-2818.5],[11775.2,-2896.2],[11701.5,-2963.7],[11620.9,-3022.9],[11539.6,-3081.1],[11456.9,-3137.2],[11371.0,-3188.4],[11283.9,-3237.5],[11204.1,-3297.6],[11132.4,-3367.3],[11065.3,-3441.4],[10996.4,-3513.8],[10920.4,-3578.8],[10846.4,-3646.0],[10774.3,-3715.3],[10698.5,-3780.5],[10616.7,-3838.0],[10533.1,-3892.9],[10445.6,-3941.2],[10352.6,-3977.5],[10256.8,-4006.3],[10159.8,-4030.6],[10063.6,-4057.5],[9971.7,-4096.7],[9883.5,-4143.9],[9798.3,-4196.2],[9714.5,-4250.7],[9626.6,-4298.3],[9536.6,-4341.9],[9442.3,-4375.1],[9344.2,-4393.6],[9244.4,-4392.1],[9146.0,-4374.4],[9050.7,-4344.5],[8956.2,-4311.8],[8863.7,-4273.8],[8776.5,-4225.1],[8691.8,-4171.8],[8609.3,-4115.3],[8521.8,-4067.1],[8433.2,-4020.6],[8348.8,-3967.2],[8268.6,-3907.5],[8194.0,-3841.0],[8126.6,-3767.2],[8072.6,-3683.1],[8025.6,-3594.8],[7979.2,-3506.2],[7933.2,-3417.5],[7889.9,-3327.4],[7850.7,-3235.4],[7808.6,-3144.7],[7765.8,-3054.3],[7729.3,-2961.3],[7706.8,-2864.0],[7699.1,-2764.3],[7699.5,-2664.4],[7703.7,-2564.5],[7707.1,-2464.5],[7706.0,-2364.5],[7705.1,-2264.6],[7710.5,-2164.7],[7723.7,-2065.6],[7749.3,-1969.1],[7787.0,-1876.5],[7827.1,-1784.9],[7865.9,-1692.7],[7905.1,-1600.7],[7939.4,-1506.8],[7969.1,-1411.3],[8001.2,-1316.6],[8037.8,-1223.6],[8082.3,-1134.1],[8131.6,-1047.1],[8179.4,-959.3],[8218.6,-867.3],[8247.5,-771.6],[8262.9,-673.0],[8264.4,-573.0],[8247.1,-474.8],[8212.1,-381.2],[8168.9,-291.0],[8120.9,-203.3],[8064.1,-121.0],[8006.0,-39.6],[7975.5,0.0]]]}"
8,2,5773,controlHouse,Комплекс объект Дельта,collector,,1,2/2,0.195,,,1,2026-09-27T00:00:00+03:00,"{""type"":""MultiLineString"",""coordinates"":[[[18149.0,-544.2],[18049.1,-539.1],[17949.1,-537.0],[17850.1,-549.2],[17753.9,-576.1],[17663.1,-618.0],[17577.8,-670.0],[17496.8,-728.7],[17415.4,-786.8],[17332.4,-842.5],[17247.3,-895.1],[17158.7,-941.2],[17065.3,-976.8],[16968.3,-1001.1],[16869.8,-1018.3],[16771.0,-1033.3],[16672.4,-1050.2],[16574.2,-1068.9],[16477.2,-1093.1],[16383.0,-1126.5],[16292.0,-1167.9],[16201.6,-1210.6],[16118.2,-1265.6],[16040.4,-1328.4],[15962.5,-1391.0],[15888.5,-1458.2],[15829.8,-1538.9],[15789.4,-1630.2],[15770.1,-1728.1],[15766.0,-1828.0],[15767.9,-1928.0],[15770.1,-2027.9],[15762.8,-2127.6],[15742.8,-2225.5],[15719.0,-2322.6],[15693.7,-2419.4],[15663.9,-2514.8],[15633.9,-2610.2],[15600.2,-2704.4],[15565.0,-2797.9],[15516.6,-2885.4],[15468.8,-2973.1],[15436.5,-3067.6],[15423.2,-3166.6],[15430.5,-3266.1],[15455.6,-3362.7],[15498.7,-3452.8],[15559.4,-3532.2],[15625.8,-3606.9],[15697.5,-3676.5],[15775.6,-3738.9],[15855.9,-3798.4],[15922.6,-3858.8]]]}"
9,2,5773,controlHouse,объект Вита,collector,,2,2/2,0.242,,,1,2026-09-27T00:00:00+03:00,"{""type"":""MultiLineString"",""coordinates"":[[[0.0,-8754.8],[30.1,-8659.5],[66.9,-8566.5],[115.7,-8479.4],[181.8,-8404.5],[257.7,-8339.5],[339.8,-8282.5],[425.4,-8230.9],[516.2,-8189.2],[612.6,-8163.1],[711.7,-8150.3],[811.6,-8146.3],[911.6,-8147.1],[1011.5,-8143.6],[1111.5,-8141.1],[1211.5,-8141.5],[1311.1,-8134.1],[1408.7,-8112.5],[1503.4,-8080.5],[1596.9,-8045.2],[1687.9,-8003.7],[1776.0,-7956.5],[1865.0,-7910.9],[1955.5,-7868.2],[2044.7,-7823.1],[2132.9,-7776.1],[2214.8,-7718.9],[2287.4,-7650.2],[2350.6,-7572.9],[2401.7,-7487.0],[2450.1,-7399.5],[2503.1,-7314.7],[2561.9,-7233.8],[2631.7,-7162.5],[2708.6,-7098.5],[2785.5,-7034.5],[2860.9,-6969.0],[2934.4,-6901.2],[3015.0,-6842.1],[3101.6,-6792.2],[3190.5,-6746.4],[3284.6,-6713.4],[3382.7,-6694.1],[3481.7,-6679.5],[3581.1,-6668.6],[3680.6,-6659.2],[3780.5,-6654.5],[3880.4,-6657.5],[3980.1,-6665.3],[4080.0,-6665.5],[4179.8,-6659.4],[4229.5,-6653.5]]]}"
11,2,5773,controlHouse,объект Эпсилон,collector,,2,5/2,0.143,,,1,2026-09-27T00:00:00+03:00,"{""type"":""MultiLineString"",""coordinates"":[[[9529.0,-8092.2],[9488.2,-8183.4],[9440.6,-8271.4],[9393.7,-8359.6],[9356.9,-8452.6],[9313.4,-8542.5],[9253.0,-8622.0],[9177.2,-8686.9],[9089.7,-8735.1],[8996.0,-8769.9],[8901.3,-8801.7],[8811.0,-8844.6],[8725.3,-8896.1],[8642.5,-8952.2],[8560.0,-9008.7],[8479.8,-9068.4],[8399.4,-9127.8],[8316.1,-9183.2],[8229.5,-9233.0],[8138.2,-9273.5],[8041.0,-9296.6],[7942.0,-9310.5],[7842.5,-9320.3],[7742.6,-9324.7],[7642.8,-9320.2],[7543.4,-9309.1],[7444.0,-9297.9],[7344.2,-9293.0],[7244.3,-9296.7],[7144.3,-9300.1],[7044.6,-9293.3],[6945.0,-9284.8],[6845.3,-9276.3],[6745.6,-9269.3],[6645.7,-9274.2],[6546.2,-9283.2],[6447.0,-9296.0],[6347.7,-9308.2],[6248.0,-9315.7],[6148.1,-9319.8],[6049.3,-9334.5],[5954.9,-9366.9],[5865.3,-9411.2],[5782.4,-9467.1],[5729.5,-9512.8]],[[8421.1,-7411.9],[8445.5,-7315.0],[8452.0,-7215.3],[8439.6,-7116.2],[8416.5,-7019.0],[8384.8,-6924.1],[8347.3,-6831.5],[8310.7,-6738.4],[8278.7,-6643.7],[8243.7,-6550.0],[8211.0,-6455.5],[8190.9,-6357.7],[8177.1,-6258.6],[8162.8,-6159.7],[8146.2,-6061.0],[8125.9,-5963.2],[8108.0,-5895.5]],[[6946.1,-7794.1],[6932.2,-7695.0],[6916.9,-7596.2],[6895.3,-7498.6],[6863.2,-7403.9],[6831.3,-7309.2],[6803.5,-7213.1],[6778.3,-7116.3],[6748.1,-7021.0],[6712.3,-6927.7],[6704.7,-6909.2]]]}"
12,2,5773,controlHouse,объект Зита,collector,,2,5/2,0.122,,,1,2026-09-27T00:00:00+03:00,"{""type"":""MultiLineString"",""coordinates"":[[[14129.9,-7349.2],[14117.1,-7250.1],[14097.6,-7152.0],[14074.7,-7054.7],[14052.5,-6957.2],[14034.9,-6858.8],[14022.9,-6759.5],[14009.5,-6660.4],[14007.9,-6650.5]],[[15116.3,-6502.6],[15197.5,-6561.0],[15277.5,-6621.0],[15357.7,-6680.7],[15439.4,-6738.3],[15521.6,-6795.3],[15609.7,-6842.2],[15704.0,-6875.6],[15713.4,-6878.8]],[[12002.6,-8844.2],[11929.2,-8776.4],[11858.8,-8705.4],[11790.3,-8632.7],[11729.7,-8553.2],[11682.4,-8465.3],[11649.2,-8371.0],[11623.1,-8274.5],[11600.5,-8177.1],[11583.2,-8078.6],[11569.7,-7979.6],[11538.1,-7884.9],[11492.7,-7795.9],[11433.4,-7715.5],[11364.2,-7643.5],[11282.3,-7586.3],[11192.9,-7541.6],[11097.6,-7511.7],[11029.0,-7498.2]]]}"
15,2,5773,controlHouse,объект Каппа,collector,,2,5/2,0.112,,,1,2026-09-27T00:00:00+03:00,"{""type"":""MultiLineString"",""coordinates"":[[[18604.4,-8532.1],[18674.0,-8460.3],[18737.7,-8383.3],[18789.6,-8297.9],[18833.3,-8208.0],[18870.6,-8115.2],[18901.4,-8020.1],[18931.8,-7924.9],[18967.1,-7831.3],[19000.8,-7737.2],[19026.2,-7640.5],[19044.6,-7542.2],[19052.1,-7442.6],[19040.1,-7343.6],[19004.9,-7250.3],[18954.7,-7163.7],[18901.3,-7079.3],[18832.9,-7006.6],[18751.8,-6948.3],[18661.8,-6905.3],[18564.3,-6883.5],[18464.5,-6878.9],[18364.5,-6879.1],[18264.6,-6876.3],[18164.6,-6878.3],[18065.0,-6887.0],[17965.6,-6898.1],[17866.1,-6907.5],[17767.9,-6926.0],[17674.6,-6961.7],[17586.9,-7009.7],[17505.2,-7067.1],[17435.4,-7138.4],[17381.7,-7222.6],[17343.2,-7314.7],[17320.1,-7412.0],[17306.3,-7480.6]]]}"
3218,2,5773,controlHouse,объект Йота,collector,,3,2/2,0.246,,,1,2026-09-27T00:00:00+03:00,"{""type"":""MultiLineString"",""coordinates"":[[[1719.9,-12185.4],[1620.0,-12190.0],[1520.1,-12187.2],[1420.3,-12180.0],[1320.4,-12179.0],[1220.5,-12184.0],[1120.5,-12185.3],[1021.3,-12173.8],[923.5,-12153.1],[825.0,-12135.8],[725.5,-12126.7],[625.6,-12129.3],[526.3,-12141.4],[429.3,-12165.2],[338.9,-12207.5],[258.5,-12266.7],[188.3,-12337.8],[128.0,-12417.5],[76.8,-12503.4],[35.9,-12594.5],[13.7,-12691.9],[3.1,-12791.3],[0.7,-12891.2],[7.7,-12990.9],[12.8,-13090.8],[20.7,-13190.4],[39.7,-13288.6],[65.6,-13385.1],[97.1,-13480.0],[136.2,-13572.0],[179.9,-13661.9],[235.1,-13745.2],[298.5,-13822.5],[367.4,-13895.0],[439.1,-13964.6],[509.4,-14035.8],[530.8,-14056.8]]]}"
3355,2,5773,controlHouse,объект Тау,collector,,3,5/2,0.176,,,1,2026-09-27T00:00:00+03:00,"{""type"":""MultiLineString"",""coordinates"":[[[3321.8,-15128.5],[3282.8,-15036.5],[3255.9,-14940.3],[3247.5,-14840.8],[3252.3,-14741.0],[3275.1,-14643.8],[3317.2,-14553.2],[3367.9,-14467.1],[3423.7,-14384.1],[3484.3,-14304.6],[3544.3,-14224.5],[3597.7,-14140.0],[3640.9,-14049.9],[3675.6,-13956.1],[3710.1,-13862.3],[3742.4,-13767.7],[3775.2,-13673.2],[3809.7,-13579.3],[3847.0,-13486.6],[3889.6,-13396.1],[3935.2,-13307.2],[3991.4,-13224.5],[4055.9,-13148.1],[4126.1,-13076.9],[4203.3,-13013.5],[4288.0,-12960.4],[4374.8,-12910.8],[4459.1,-12857.0],[4537.2,-12794.8],[4606.6,-12722.7],[4672.4,-12647.5],[4739.5,-12573.4],[4816.2,-12509.3],[4898.4,-12452.4],[4980.6,-12395.5],[5057.6,-12331.8],[5132.7,-12265.7],[5212.2,-12205.1],[5298.7,-12155.1],[5387.7,-12109.6],[5471.4,-12055.1],[5552.0,-11995.8],[5632.0,-11935.9],[5714.4,-11879.3],[5801.1,-11829.5],[5891.4,-11786.6],[5984.4,-11749.9],[6080.6,-11722.6],[6176.1,-11693.3],[6268.7,-11655.7],[6355.4,-11605.9],[6432.3,-11542.4],[6492.7,-11462.9],[6545.6,-11378.1],[6609.8,-11301.7],[6687.4,-11238.7],[6771.3,-11184.3],[6859.6,-11137.5],[6950.1,-11095.1],[7043.2,-11058.4],[7135.8,-11020.8],[7154.1,-11012.8]]]}"
3359,2,5773,controlHouse,объект Омикрон,collector,,3,2/2,0.272,,,1,2026-09-27T00:00:00+03:00,"{""type"":""MultiLineString"",""coordinates"":[[[9186.0,-11674.1],[9156.9,-11769.7],[9144.8,-11868.7],[9154.2,-11968.1],[9171.3,-12066.7],[9190.4,-12164.8],[9214.1,-12262.0],[9243.4,-12357.6],[9271.6,-12453.5],[9290.2,-12551.7],[9289.7,-12651.4],[9269.7,-12749.4],[9242.4,-12845.6],[9214.3,-12941.5],[9189.4,-13038.4],[9163.9,-13135.1],[9137.2,-13231.4],[9099.1,-13323.8],[9052.3,-13412.1],[8996.7,-13495.2],[8943.5,-13579.8],[8893.4,-13666.4],[8842.9,-13752.7],[8794.1,-13840.0],[8745.2,-13927.2],[8701.7,-14017.2],[8669.6,-14111.7],[8657.0,-14210.8],[8654.1,-14310.8],[8660.4,-14410.5],[8679.4,-14508.6]]]}"
3828,2,5773,controlHouse,объект Мю,collector,,3,2/2,0.23,,,1,2026-09-27T00:00:00+03:00,"{""type"":""MultiLineString"",""coordinates"":[[[16324.9,-12566.6],[16227.2,-12587.9],[16132.2,-12618.8],[16040.0,-12657.5],[15952.4,-12705.5],[15873.7,-12767.1],[15804.3,-12839.0],[15743.6,-12918.4],[15688.6,-13001.9],[15635.2,-13086.4],[15580.9,-13170.4],[15522.4,-13251.4],[15455.4,-13325.6],[15381.4,-13392.8],[15301.9,-13453.4],[15217.4,-13506.9],[15131.7,-13558.3],[15047.4,-13612.1],[14959.8,-13660.2],[14867.0,-13697.3],[14770.3,-13722.5],[14671.2,-13736.1],[14571.4,-13741.6],[14471.7,-13734.9],[14372.2,-13725.3],[14273.5,-13709.5],[14179.3,-13676.4],[14094.1,-13624.4],[14018.9,-13558.5],[13948.2,-13487.9],[13884.6,-13410.8],[13829.2,-13327.5],[13785.2,-13237.8],[13742.9,-13147.2],[13702.8,-13055.6],[13661.6,-12964.5],[13613.8,-12876.7],[13558.4,-12793.5],[13490.9,-12719.9],[13415.8,-12653.9],[13334.9,-12595.1],[13250.6,-12541.5],[13160.1,-12499.1],[13065.2,-12467.4],[12967.7,-12445.6],[12868.0,-12442.6],[12769.1,-12457.1],[12673.3,-12485.3],[12580.3,-12522.1],[12489.1,-12563.1],[12400.3,-12609.2]]]}"
4068,2,5773,controlHouse,объект Сигма,collector,,4,2/2,0.219,,,1,2026-09-27T00:00:00+03:00,"{""type"":""MultiLineString"",""coordinates"":[[[0.0,-18440.9],[99.1,-18428.0],[198.6,-18417.4],[298.0,-18406.3],[397.3,-18395.4],[497.0,-18387.5],[596.8,-18381.5],[696.6,-18374.4],[775.2,-18360.2]]]}"
4356,2,5773,controlHouse,ПС объект Ро,collector,,4,2/2,0.247,,,1,2026-09-27T00:00:00+03:00,"{""type"":""MultiLineString"",""coordinates"":[[[2825.1,-17321.5],[2753.6,-17391.4],[2695.1,-17472.2],[2653.4,-17563.0],[2629.7,-17660.0],[2619.7,-17759.4],[2622.6,-17859.4],[2626.3,-17959.2],[2619.9,-18058.9],[2601.2,-18157.2],[2573.6,-18253.3],[2541.4,-18347.9],[2497.3,-18437.5],[2451.5,-18526.4],[2411.8,-18618.2],[2373.8,-18710.7],[2339.8,-18804.7],[2309.7,-18900.0],[2288.0,-18997.6],[2277.2,-19097.0],[2277.1,-19196.9],[2291.9,-19295.6],[2325.9,-19389.6],[2369.5,-19479.6]]]}"
4573,2,5773,controlHouse,ПС объект Омега,collector,,4,5/2,0.128,,,1,2026-09-27T00:00:00+03:00,"{""type"":""MultiLineString"",""coordinates"":[[[7337.4,-20131.2],[7240.6,-20106.3],[7146.6,-20072.3],[7052.3,-20039.0],[6961.6,-19996.9],[6872.4,-19951.9],[6784.9,-19903.5],[6699.9,-19850.7],[6620.9,-19789.7],[6553.0,-19716.4],[6497.1,-19633.7],[6461.1,-19540.7],[6440.7,-19442.8],[6425.5,-19344.0],[6405.3,-19246.1],[6377.7,-19150.0],[6344.3,-19055.7],[6305.7,-18963.5],[6254.5,-18877.8],[6187.8,-18803.5],[6107.1,-18744.8],[6017.6,-18700.2],[5922.8,-18668.8],[5824.8,-18649.0],[5725.1,-18643.2],[5625.9,-18655.0],[5527.3,-18671.7],[5427.6,-18676.6],[5329.1,-18660.5],[5236.6,-18623.0],[5148.3,-18575.9],[5060.1,-18528.9],[4973.9,-18478.3],[4895.4,-18416.5],[4822.5,-18348.1],[4759.9,-18270.2],[4708.2,-18184.7],[4662.1,-18096.0],[4610.6,-18010.3],[4552.7,-17928.7],[4490.1,-17850.8],[4432.2,-17769.4],[4384.8,-17681.4],[4349.2,-17588.0],[4333.5,-17489.5],[4333.6,-17389.5],[4334.3,-17289.5],[4332.0,-17189.6],[4333.2,-17089.6],[4334.3,-16989.6],[4334.1,-16889.6],[4332.8,-16789.6],[4326.2,-16689.8],[4325.1,-16669.9]]]}"
5327,2,5773,controlHouse,объект Кси,collector,,4,5/2,0.104,,,1,2026-09-27T00:00:00+03:00,"{""type"":""MultiLineString"",""coordinates"":[[[11263.0,-17760.5],[11198.4,-17836.8],[11142.3,-17919.5],[11091.4,-18005.6],[11040.9,-18091.9],[10989.2,-18177.5],[10931.8,-18259.4],[10867.5,-18335.9],[10795.5,-18405.3],[10716.0,-18465.7],[10633.5,-18522.3],[10552.3,-18580.7],[10471.2,-18639.1],[10389.1,-18696.3],[10306.0,-18751.9],[10221.5,-18805.4],[10134.5,-18854.7],[10043.8,-18896.6],[9953.2,-18938.9],[9862.5,-18981.1],[9769.1,-19016.5],[9670.8,-19034.5],[9571.1,-19040.6],[9471.5,-19032.5],[9373.5,-19012.7],[9277.2,-18985.8],[9182.7,-18953.4],[9095.6,-18904.5],[9015.6,-18844.5],[8936.4,-18783.5],[8854.2,-18726.6],[8837.4,-18715.7]]]}"
