id,auth_user_id,login,last_name,first_name,middle_name,phone,position,team,unit,regime,shift,leave_days
4d546ae5-e971-59de-8564-9c6c56a83d9f,c96b49fb-d9b9-5149-b085-2faa5137388b,admin,Суханов,Илья,Борисович,+70000000001,Администратор системы,admin,,5/2,08:00–17:00,28
e310dc41-0f36-5ef6-8381-41786f5c613e,850e3411-0020-50c3-925c-532b3196e9dd,chief,Лукина,Ольга,Олеговна,+70000000002,Главный диспетчер,chief,,5/2,08:00–17:00,28
0cfdf0f1-9a30-57ba-9d8e-fc7eedaa0740,8b58ffa4-4730-582a-aad3-548c8debad40,chief.deputy,Журавлёв,Борис,Викторович,+70000000003,Заместитель главного диспетчера,chief,,5/2,08:00–17:00,28
b7317871-3b06-5569-aafa-955a29026be6,0a9f38b4-3536-59c6-83c0-14799bc277f9,disp.a1,Клименко,Иван,Иванович,+70000000004,Старший диспетчер смены,Смена А,,1/3,08:00–08:00+1,28
b6737b90-5f95-5dc6-a35b-4e7968042c3e,0d1b2b86-2931-5219-9e31-1e2ffe1bee27,disp.a2,Панова,Полина,Романовна,+70000000005,Диспетчер,Смена А,,1/3,08:00–08:00+1,28
251bbd3c-ab1d-5814-aae5-dd12c9b56761,67cb9cb4-7cbc-5835-a8c5-2910b8dd78c6,disp.b1,Белова,Ксения,Васильевна,+70000000006,Старший диспетчер смены,Смена Б,,1/3,08:00–08:00+1,28
9eddc0ec-9870-546e-b93e-b9368564e712,123352fe-7f70-5f3e-b1ff-c178212e86e4,disp.b2,Зайцева,Марина,Владимировна,+70000000007,Диспетчер,Смена Б,,1/3,08:00–08:00+1,28
e09f40ce-19c8-503a-9e72-21be8a811cea,c18ca9d9-3020-5b1e-bed0-3d3f26b72995,disp.v1,Ефимов,Василий,Петрович,+70000000008,Старший диспетчер смены,Смена В,,1/3,08:00–08:00+1,28
32f1be7e-da50-54a7-97b8-7b2f053c6357,653eb9e7-4a54-51ad-887b-99bbbdd3eeb5,disp.v2,Гусева,Ольга,Алексеевна,+70000000009,Диспетчер,Смена В,,1/3,08:00–08:00+1,28
a2c4c691-7957-59c3-9ed3-d262a838fdea,082c467a-e5f2-5abc-b40f-d708e65644c8,disp.g1,Широкова,Надежда,Александровна,+70000000010,Старший диспетчер смены,Смена Г,,1/3,08:00–08:00+1,28
eda3f9ab-3a81-5af0-b5f9-4a04ad079a4c,76adfd5f-dc76-5262-8394-f6cc5e914ccb,disp.g2,Лукина,Екатерина,Константиновна,+70000000011,Диспетчер,Смена Г,,1/3,08:00–08:00+1,28
ff775674-a3e5-5238-8314-4c77413453a7,e57a4656-9ff8-5486-8382-6f91ba23426f,line.5.1,Комарова,Ирина,Алексеевна,+70000000012,Бригадир,Бригада объект Альфа,Участок 1,2/2,07:00–19:00,35
d284ac05-bd60-5331-89e2-ddb9eadb3446,788646c1-be87-50be-a73d-a895fd526cc9,line.5.2,Зайцева,Валентина,Романовна,+70000000013,Электромонтёр,Бригада объект Альфа,Участок 1,2/2,07:00–19:00,35
73480333-36f5-5b46-a6fb-9df043e58cd1,0d1bc590-c4b0-5fa2-92f3-5ff9b7cdc3c7,line.5.3,Калинин,Олег,Алексеевич,+70000000014,Слесарь-ремонтник,Бригада объект Альфа,Участок 1,2/2,07:00–19:00,35
c94664bf-6632-5b71-a048-534919c9ce47,571505d8-6b13-53ef-a8be-bc69dbdda75d,line.5.4,Ильин,Георгий,Сергеевич,+70000000015,Электромонтёр,Бригада объект Альфа,Участок 1,2/2,07:00–19:00,35
7935a47c-7b13-5970-b20c-5383ddef0481,36de0636-14af-5552-afae-916c44f4dde3,line.6.1,Крылов,Андрей,Фёдорович,+70000000016,Бригадир,Бригада объект Бета,Участок 1,5/2,08:00–17:00,35
aa0ca2c3-496b-5d0c-9b41-5302feb5bb95,1488bca9-2e80-5ccb-917a-b5c803dd8691,line.6.2,Фролов,Роман,Юрьевич,+70000000017,Электромонтёр,Бригада объект Бета,Участок 1,5/2,08:00–17:00,35
5db42de1-982b-5a25-93c7-8520d36a4e6f,e267a483-dbc1-59ee-8611-314cc6cc469d,line.6.3,Титов,Геннадий,Олегович,+70000000018,Слесарь-ремонтник,Бригада объект Бета,Участок 1,5/2,08:00–17:00,35
0ce8d534-7f47-57d7-8cd1-897a5f449942,7a92cd4b-79a1-5d30-af53-bb576d5586a7,line.7.1,Морозов,Вадим,Борисович,+70000000019,Бригадир,Бригада объект Гамма,Участок 1,2/2,07:00–19:00,35
243f6a1c-51d3-5a93-8720-d6f36126e062,a7221a4d-d4ed-5016-a232-d37ee40fc744,line.7.2,Хохлов,Илья,Романович,+70000000020,Электромонтёр,Бригада объект Гамма,Участок 1,2/2,07:00–19:00,35
df8be037-d1b2-5f1f-826e-25e0b26ce527,bf2b8ea1-2fe0-57cf-b856-fd23398758ee,line.7.3,Лукин,Алексей,Борисович,+70000000021,Слесарь-ремонтник,Бригада объект Гамма,Участок 1,2/2,07:00–19:00,35
793ae138-a0b7-5e33-9836-ef6858f573a0,3fab9144-9e70-5893-bb8e-ce6c37af3d50,line.7.4,Ефимов,Руслан,Петрович,+70000000022,Электромонтёр,Бригада объект Гамма,Участок 1,2/2,07:00–19:00,35
39e72091-9886-5c62-ad91-82dcca5ff797,9bef3492-0e28-53dd-b9a2-83688b324378,line.8.1,Хохлов,Тимур,Константинович,+70000000023,Бригадир,Бригада Комплекс объект Дельта,Участок 1,2/2,07:00–19:00,35
48fc5274-ac45-5b11-83a6-54822f185453,1dffb526-4f9e-5a86-9799-b0d3a4d4447a,line.8.2,Герасимов,Степан,Викторович,+70000000024,Электромонтёр,Бригада Комплекс объект Дельта,Участок 1,2/2,07:00–19:00,35
7d554034-8d5d-5238-a10c-8ad54eb0c9d4,a20e1402-d6d0-5a6c-bafa-a905a9fdcef4,line.8.3,Козлов,Павел,Олегович,+70000000025,Слесарь-ремонтник,Бригада Комплекс объект Дельта,Участок 1,2/2,07:00–19:00,35
83cd7f2b-f6ed-50c8-9850-a6581ffecfc3,7a4d3576-a282-5043-b0bc-71da9dc2d25b,line.8.4,Зайцев,Леонид,Романович,+70000000026,Электромонтёр,Бригада Комплекс объект Дельта,Участок 1,2/2,07:00–19:00,35
cd91e603-1d87-5862-af0a-51f4ebd20a19,b246622d-097e-53d9-864d-f77d5539d75f,line.9.1,Гусев,Иван,Павлович,+70000000027,Бригадир,Бригада объект Вита,Участок 2,2/2,07:00–19:00,35
b3bab9fc-9e93-555d-b794-fe2662d3ccd1,9224c209-7060-5124-b1ba-1840cb10fa1f,line.9.2,Быкова,Полина,Павловна,+70000000028,Электромонтёр,Бригада объект Вита,Участок 2,2/2,07:00–19:00,35
fe8b0304-d986-5d84-89b7-2a6ef6642a6f,bb7b2520-1ace-5e71-9724-36b3c6c8bef2,line.9.3,Исаев,Павел,Геннадьевич,+70000000029,Слесарь-ремонтник,Бригада объект Вита,Участок 2,2/2,07:00–19:00,35
e3d3be9c-86a7-5ef1-bcfb-ade341eb8486,7848c517-449f-5390-84a6-6943f33a2a18,line.9.4,Громов,Михаил,Владимирович,+70000000030,Электромонтёр,Бригада объект Вита,Участок 2,2/2,07:00–19:00,35
6a900527-ee90-5a2a-82ad-c7c38ad877bc,3a6dcc01-aff1-50e0-b6c7-a810deb2d413,line.11.1,Исаев,Алексей,Петрович,+70000000031,Бригадир,Бригада объект Эпсилон,Участок 2,5/2,08:00–17:00,35
d0e595a2-8f87-5398-926e-2443c6093194,fd2da58a-bf7c-55da-a559-c885ad44647b,line.11.2,Широков,Игорь,Александрович,+70000000032,Электромонтёр,Бригада объект Эпсилон,Участок 2,5/2,08:00–17:00,35
d15fc7dc-0568-56a0-842e-e7889c60b90c,50a743f3-c28c-563d-9cb4-58fbe0d3a23d,line.11.3,Цветков,Сергей,Васильевич,+70000000033,Слесарь-ремонтник,Бригада объект Эпсилон,Участок 2,5/2,08:00–17:00,35
2ff1a07c-e68d-5a31-bfa8-216bdd7f85a1,3eadf27d-a452-5100-92f1-763ae85b752c,line.12.1,Ефимов,Кирилл,Геннадьевич,+70000000034,Бригадир,Бригада объект Зита,Участок 2,5/2,08:00–17:00,35
588d7735-918c-5c08-a3c6-d28d726282d5,372c9af7-c8cd-5d0f-a0a1-5e8d6d79f949,line.12.2,Трофимова,Наталья,Алексеевна,+70000000035,Электромонтёр,Бригада объект Зита,Участок 2,5/2,08:00–17:00,35
ea5d99a5-6e78-57f0-8008-ec2241ac037b,f29fc611-e492-52ba-867e-060db7ce6cc5,line.12.3,Крылов,Виктор,Алексеевич,+70000000036,Слесарь-ремонтник,Бригада объект Зита,Участок 2,5/2,08:00–17:00,35
69ad88b9-5979-5a80-a9ec-bc69a9cfb325,1b54655a-80a2-5a2b-b6e3-3071944fe003,line.15.1,Орлова,Юлия,Романовна,+70000000037,Бригадир,Бригада объект Каппа,Участок 2,5/2,08:00–17:00,35
38b83b16-57cc-560f-932b-432af6999983,f1a8037a-a491-5f5f-8f29-9ff0f678abce,line.15.2,Тихонов,Тимур,Павлович,+70000000038,Электромонтёр,Бригада объект Каппа,Участок 2,5/2,08:00–17:00,35
0d75f5cf-56ee-55b2-b70c-568517fff7cc,46d7aa0b-ebeb-5595-b9cd-75db7f7adeec,line.15.3,Быков,Василий,Иванович,+70000000039,Слесарь-ремонтник,Бригада объект Каппа,Участок 2,5/2,08:00–17:00,35
cec1fe28-063c-57e9-ab67-cb875af596b2,9e7578c5-37b5-5b7a-9e49-0ab84df759f2,line.3218.1,Лебедев,Тимур,Дмитриевич,+70000000040,Бригадир,Бригада объект Йота,Участок 3,2/2,07:00–19:00,35
d0567d39-a3be-52cb-b9c6-3a9de23a38be,fb774bf2-d08e-58c2-b361-9e0973c443d8,line.3218.2,Цветков,Николай,Павлович,+70000000041,Электромонтёр,Бригада объект Йота,Участок 3,2/2,07:00–19:00,35
dfbaac22-bb9b-5387-8c3b-52520574e0e6,eb58ad65-758e-5f3f-8815-2d8b2ca73a68,line.3218.3,Калинина,Татьяна,Константиновна,+70000000042,Слесарь-ремонтник,Бригада объект Йота,Участок 3,2/2,07:00–19:00,35
e1ae52ea-b52a-523b-acc5-46e2902b5da9,c5b52189-1910-5438-b6f4-2a199b2e28a3,line.3218.4,Фролов,Игорь,Владимирович,+70000000043,Электромонтёр,Бригада объект Йота,Участок 3,2/2,07:00–19:00,35
04a962c8-3e69-57db-9a69-a8c6095bad9c,ad315d36-b9a9-50a0-933f-dc70f43c1879,line.3355.1,Ефимов,Михаил,Михайлович,+70000000044,Бригадир,Бригада объект Тау,Участок 3,5/2,08:00–17:00,35
27c1dabe-f45b-50c7-b646-6fe386061788,1c82943d-c7d1-50b8-b9ee-cd42051cca81,line.3355.2,Гаврилов,Василий,Владимирович,+70000000045,Электромонтёр,Бригада объект Тау,Участок 3,5/2,08:00–17:00,35
f0335239-d512-58e3-a023-a40ebb9831b0,0e2c3400-26df-59da-87e0-762e7c2a0236,line.3355.3,Воронин,Павел,Андреевич,+70000000046,Слесарь-ремонтник,Бригада объект Тау,Участок 3,5/2,08:00–17:00,35
8578c5a1-60b1-5722-aef8-a6be4a50955e,59e93d68-7ae2-5301-8de0-5df22022b594,line.3359.1,Абрамов,Алексей,Васильевич,+70000000047,Бригадир,Бригада объект Омикрон,Участок 3,2/2,07:00–19:00,35
8b01e896-f66f-53db-a820-1ffb6422bf3e,704935ff-aeba-5987-b228-f33e1593ae85,line.3359.2,Морозов,Станислав,Иванович,+70000000048,Электромонтёр,Бригада объект Омикрон,Участок 3,2/2,07:00–19:00,35
a62dd0f9-e986-5d8b-b0e5-343e05fdb207,5becf648-b1f5-5a75-9496-5c06de9d978b,line.3359.3,Панова,Екатерина,Олеговна,+70000000049,Слесарь-ремонтник,Бригада объект Омикрон,Участок 3,2/2,07:00–19:00,35
e7930eda-fb83-519b-b76c-f1680787f798,82a44960-2949-5f04-a9e2-c8e4a4c39f43,line.3359.4,Кравец,Степан,Сергеевич,+70000000050,Электромонтёр,Бригада объект Омикрон,Участок 3,2/2,07:00–19:00,35
cff0ea43-d0d6-5d79-9b1f-81f2d02458ff,2c9e9e6e-0a91-5bd6-a172-e5d40966c9aa,line.3828.1,Шаров,Владимир,Фёдорович,+70000000051,Бригадир,Бригада объект Мю,Участок 3,2/2,07:00–19:00,35
01e7b82e-8233-5fd0-829d-51b278f4f775,f6324d06-433c-55ff-bb09-23466d7b60c4,line.3828.2,Журавлёв,Валерий,Петрович,+70000000052,Электромонтёр,Бригада объект Мю,Участок 3,2/2,07:00–19:00,35
06566cb3-2d86-5830-8fb7-5ea7bc034df8,9fc12e4e-843c-593b-88b5-e5be907bc743,line.3828.3,Щукин,Илья,Александрович,+70000000053,Слесарь-ремонтник,Бригада объект Мю,Участок 3,2/2,07:00–19:00,35
b0388a00-a027-57ec-b22c-32111efdc6ce,09cc3ed3-b9c3-59f5-8b5d-084f493c4484,line.3828.4,Тарасова,Татьяна,Фёдоровна,+70000000054,Электромонтёр,Бригада объект Мю,Участок 3,2/2,07:00–19:00,35
75ea6cd3-73e2-5205-b4dc-c9432b2865a8,5789d6f5-98c6-5c6d-97e4-e3d8b2395c85,line.4068.1,Ершова,Юлия,Фёдоровна,+70000000055,Бригадир,Бригада объект Сигма,Участок 4,2/2,07:00–19:00,35
d4eeb282-c7e3-57ef-a31f-dc34e8663270,5e96a428-28a6-590f-b8c7-f93fe651368c,line.4068.2,Калинина,Ирина,Дмитриевна,+70000000056,Электромонтёр,Бригада объект Сигма,Участок 4,2/2,07:00–19:00,35
9ac883f3-05df-5e2e-b83d-0dc8eb3b8821,2ad67671-e820-59c3-a83b-2d0911991b9c,line.4068.3,Орлов,Борис,Геннадьевич,+70000000057,Слесарь-ремонтник,Бригада объект Сигма,Участок 4,2/2,07:00–19:00,35
196ecd7c-46a2-5d03-9bac-03633ce35d92,afde5df8-c1b9-51d0-b9ae-e1a45c72c727,line.4068.4,Крылов,Игорь,Михайлович,+70000000058,Электромонтёр,Бригада объект Сигма,Участок 4,2/2,07:00–19:00,35
9628ca00-2d8e-5fc2-bb1f-41c3cc9ed708,b56e17f5-e718-529e-99b6-04158c15851c,line.4356.1,Волков,Евгений,Геннадьевич,+70000000059,Бригадир,Бригада ПС объект Ро,Участок 4,2/2,07:00–19:00,35
c4da2f22-5c6f-5e23-9661-ab3c4ac9ca10,f6d5ffcc-4526-52bb-a5f5-4a81d1cae4ff,line.4356.2,Жуков,Иван,Александрович,+70000000060,Электромонтёр,Бригада ПС объект Ро,Участок 4,2/2,07:00–19:00,35
e3c8aa62-9e41-5e5e-9101-5226ba1111b3,7332421e-5402-5b6e-9710-fee2ce4e7498,line.4356.3,Суханов,Антон,Геннадьевич,+70000000061,Слесарь-ремонтник,Бригада ПС объект Ро,Участок 4,2/2,07:00–19:00,35
e0404ecf-df25-5edf-9318-43d7df2fc5b5,f3624ee2-12df-5e81-a22b-cdd447652be2,line.4356.4,Быкова,Светлана,Дмитриевна,+70000000062,Электромонтёр,Бригада ПС объект Ро,Участок 4,2/2,07:00–19:00,35
01846983-202b-5471-ada4-562823e0e899,5540a2ec-1fad-5ae8-bdb4-d9206908fed9,line.4573.1,Клименко,Виталий,Александрович,+70000000063,Бригадир,Бригада ПС объект Омега,Участок 4,5/2,08:00–17:00,35
e1f8cd84-8328-5ab7-976a-5ea9a092452e,e1aa34d6-6486-5821-9e59-d244eee6d9f5,line.4573.2,Щукин,Георгий,Фёдорович,+70000000064,Электромонтёр,Бригада ПС объект Омега,Участок 4,5/2,08:00–17:00,35
fcfdb5f5-fee6-50fa-8996-c7aa66041a98,82dfcc84-244c-56b2-bd2f-b038a1d502e0,line.4573.3,Поляков,Борис,Дмитриевич,+70000000065,Слесарь-ремонтник,Бригада ПС объект Омега,Участок 4,5/2,08:00–17:00,35
de31279e-d17e-5f5e-86ef-a31ea84318a8,8eadf12f-db98-5e5e-922a-8e6205030695,line.5327.1,Лапин,Геннадий,Юрьевич,+70000000066,Бригадир,Бригада объект Кси,Участок 4,5/2,08:00–17:00,35
29749fc2-1b92-532f-a2ff-007e45f88932,28bd2920-458b-507b-91d8-0f2da3738992,line.5327.2,Широков,Фёдор,Николаевич,+70000000067,Электромонтёр,Бригада объект Кси,Участок 4,5/2,08:00–17:00,35
66c5c970-ae15-5f7e-9a23-719745c8b7cc,aebc0b96-dc20-544d-8af4-2014e81a9bb9,line.5327.3,Кузнецов,Руслан,Романович,+70000000068,Слесарь-ремонтник,Бригада объект Кси,Участок 4,5/2,08:00–17:00,35
1e1b4c7b-5e61-5046-a8e5-65cc38df8059,bac15c5e-c947-553a-8973-fdd3035d33f7,site.1,Осипов,Леонид,Михайлович,+70000000069,Инженер участка,Инженеры участков,Участок 1,5/2,08:00–17:00,35
59f509c9-5039-55fa-ac29-35de6cce5c5c,bccdaf21-502e-5a68-a00b-cc09290016ab,site.2,Мельников,Максим,Владимирович,+70000000070,Инженер участка,Инженеры участков,Участок 2,5/2,08:00–17:00,35
616720c9-1990-559d-929a-c52b4411bf6b,31979d12-81e6-55e3-9778-ce8e796b2c5e,site.3,Медведев,Егор,Борисович,+70000000071,Инженер участка,Инженеры участков,Участок 3,5/2,08:00–17:00,35
c1e52931-29e8-5b27-a7e0-6920a0e43c0c,b2fb83dc-5927-5688-9507-fe5e2d417b97,site.4,Абрамов,Григорий,Геннадьевич,+70000000072,Инженер участка,Инженеры участков,Участок 4,5/2,08:00–17:00,35
9178d206-c5f5-5992-86b9-9bc5f03cfa4a,165b4281-ce4a-5363-a1b6-45eb53cb1dc5,mobile.1,Беляков,Дмитрий,Владимирович,+70000000073,Мастер,Мобильная бригада ППР и ТО АКМ,,5/2,08:00–17:00,35
af753a14-a592-5c3e-b0dc-675567288cef,9e3ca95d-4c1e-579c-9e82-4041748245ec,mobile.2,Шаров,Артём,Павлович,+70000000074,Электромонтёр,Мобильная бригада ППР и ТО АКМ,,5/2,08:00–17:00,35
96953d83-6b60-5617-b408-1a241f7de8f0,27fc45c0-e3b0-5870-91ac-c7dad8e9fcdb,mobile.3,Морозов,Сергей,Викторович,+70000000075,Электромонтёр,Мобильная бригада ППР и ТО АКМ,,5/2,08:00–17:00,35
2e6e49ce-d74c-547c-9a4f-337e1958905e,b40bfb66-cb0d-517a-bd6c-613afea82725,mobile.4,Журавлёв,Георгий,Алексеевич,+70000000076,Электромонтёр,Мобильная бригада ППР и ТО АКМ,,5/2,08:00–17:00,35
f6fcce39-c0d9-5260-8992-a3225abe45bc,7a454735-703c-5839-a16d-0c2781872714,mobile.5,Морозов,Леонид,Геннадьевич,+70000000077,Электромонтёр,Мобильная бригада ППР и ТО АКМ,,5/2,08:00–17:00,35
5eb83037-a898-585c-b739-183ea603c337,87fcf4fe-83ef-59ef-a224-fa6fc54dd1a2,power.1,Кузнецов,Олег,Дмитриевич,+70000000078,Энергетик,Энергетики,,5/2,08:00–17:00,28
06643fa0-0751-5c23-a616-f2073b28726b,a7e0b147-f1e5-5051-b0cb-6869614f5048,power.2,Денисов,Андрей,Дмитриевич,+70000000079,Энергетик,Энергетики,,5/2,08:00–17:00,28
191cddda-212f-5065-afc1-ccd62d9a45f2,377fa130-ca4e-5b8d-93ad-c51a07a8a364,power.3,Морозова,Людмила,Михайловна,+70000000080,Энергетик,Энергетики,,5/2,08:00–17:00,28
198eb1f6-dce8-51eb-a35d-d344304906a8,f4053419-eb55-5fd0-b7e5-f5cfd94b122c,comms.1,Ильин,Геннадий,Сергеевич,+70000000081,Инженер связи и автоматики,Связь и автоматика,,5/2,08:00–17:00,28
f2038c98-0a24-5741-bfba-80c201748417,8a8ab002-ac03-5337-88ac-991d458d41e7,comms.2,Зайцева,Анна,Николаевна,+70000000082,Инженер связи и автоматики,Связь и автоматика,,5/2,08:00–17:00,28
54759f5b-a8a7-56b5-961e-c2be84131283,926d3a71-e557-5031-a8fa-5c37281d8425,comms.3,Титов,Андрей,Николаевич,+70000000083,Инженер связи и автоматики,Связь и автоматика,,5/2,08:00–17:00,28
