work_id,version,object_id,work_kind,incident_types,removed_sensor,starts_at,ends_at,source,comment,crew
1,1,4068,ППР датчиков метана,gas,Газовый датчик,2026-01-12 00:00,2026-01-28 00:00,ORGANIZER,"Объект 1 графика ППР, датчиков 56, в метрологии 13.01–22.01. Объект 2 графика ТО АКМ и ДУ, ТО в месяцы 1 3 5 7 9 11",
2,1,3218,ППР датчиков метана,gas,Газовый датчик,2026-01-12 00:00,2026-01-29 00:00,ORGANIZER,"Объект 2 графика ППР, датчиков 13, в метрологии 13.01–22.01. Объект 4 графика ТО АКМ и ДУ, ТО в месяцы 1 3 5 7 9 11",
3,1,8,ППР датчиков метана,gas,Газовый датчик,2026-01-29 00:00,2026-02-13 00:00,ORGANIZER,"Объект 3 графика ППР, датчиков 62, в метрологии 30.01–09.02. Объект 3 графика ТО АКМ и ДУ, ТО в месяцы 2 5 8 11",
4,1,,ППР датчиков метана,gas,Газовый датчик,2026-02-13 00:00,2026-02-28 00:00,ORGANIZER,"Объект 4 графика ППР, датчиков 47, в метрологии 16.02–24.02. Объект 8 графика ТО АКМ и ДУ, ТО в месяцы 2 4 6 8 10 12. Пара в журнале не найдена",
5,1,3355,ППР датчиков метана,gas,Газовый датчик,2026-03-02 00:00,2026-03-20 00:00,ORGANIZER,"Объект 5 графика ППР, датчиков 102, в метрологии 03.03–13.03. Объект 16 графика ТО АКМ и ДУ, ТО в месяцы 1 3 5 7 9 11",
6,1,4356,ППР датчиков метана,gas,Газовый датчик,2026-03-23 00:00,2026-04-09 00:00,ORGANIZER,"Объект 6 графика ППР, датчиков 34, в метрологии 24.03–03.04. Объект 5 графика ТО АКМ и ДУ, ТО в месяцы 1 4 7 10",
7,1,,ППР датчиков метана,gas,Газовый датчик,2026-03-23 00:00,2026-04-09 00:00,ORGANIZER,"Объект 7 графика ППР, датчиков 12, в метрологии 24.03–03.04. Объект 6 графика ТО АКМ и ДУ, ТО в месяцы 2 4 6 8 10 12. Пара в журнале не найдена",
8,1,4573,ППР датчиков метана,gas,Газовый датчик,2026-04-09 00:00,2026-04-23 00:00,ORGANIZER,"Объект 8 графика ППР, датчиков 101, в метрологии 10.04–17.04. Объект 7 графика ТО АКМ и ДУ, ТО в месяцы 2 4 6 8 10 12",
9,1,3828,ППР датчиков метана,gas,Газовый датчик,2026-04-23 00:00,2026-05-15 00:00,ORGANIZER,"Объект 9 графика ППР, датчиков 40, в метрологии 24.04–07.05. Объект 9 графика ТО АКМ и ДУ, ТО в месяцы 2 5 8 11",
10,1,6,ППР датчиков метана,gas,Газовый датчик,2026-05-15 00:00,2026-05-30 00:00,ORGANIZER,"Объект 10 графика ППР, датчиков 6, в метрологии 18.05–26.05. Объект 11 графика ТО АКМ и ДУ, ТО в месяцы 1 3 5 7 9 11",
11,1,,ППР датчиков метана,gas,Газовый датчик,2026-05-15 00:00,2026-05-30 00:00,ORGANIZER,"Объект 11 графика ППР, датчиков 8, в метрологии 18.05–26.05. Объект 11 графика ТО АКМ и ДУ, ТО в месяцы 1 3 5 7 9 11. Пара в журнале не найдена",
12,1,,ППР датчиков метана,gas,Газовый датчик,2026-05-15 00:00,2026-05-30 00:00,ORGANIZER,"Объект 12 графика ППР, датчиков 21, в метрологии 18.05–26.05. Объект 12 графика ТО АКМ и ДУ, ТО в месяцы 1 3 5 7 9 11. Пара в журнале не найдена",
13,1,,ППР датчиков метана,gas,Газовый датчик,2026-05-15 00:00,2026-05-30 00:00,ORGANIZER,"Объект 13 графика ППР, датчиков 21, в метрологии 18.05–26.05. Объект 13 графика ТО АКМ и ДУ, ТО в месяцы 1 3 5 7 9 11. Пара в журнале не найдена",
14,1,15,ППР датчиков метана,gas,Газовый датчик,2026-06-04 00:00,2026-06-30 00:00,ORGANIZER,"Объект 14 графика ППР, датчиков 33, в метрологии 05.06–18.06. Объект 14 графика ТО АКМ и ДУ, ТО в месяцы 3 6 9 12",
15,1,3359,ППР датчиков метана,gas,Газовый датчик,2026-07-02 00:00,2026-07-24 00:00,ORGANIZER,"Объект 15 графика ППР, датчиков 41, в метрологии 03.07–16.07. Объект 15 графика ТО АКМ и ДУ, ТО в месяцы 1 4 7 10",
16,1,,ППР датчиков метана,gas,Газовый датчик,2026-07-28 00:00,2026-08-20 00:00,ORGANIZER,"Объект 16 графика ППР, датчиков 95, в метрологии 29.07–14.08. Объект 23 графика ТО АКМ и ДУ, ТО в месяцы 2 4 6 8 10 12. Пара в журнале не найдена",
17,1,9,ППР датчиков метана,gas,Газовый датчик,2026-07-28 00:00,2026-08-22 00:00,ORGANIZER,"Объект 17 графика ППР, датчиков 22, в метрологии 29.07–14.08. Объект 23 графика ТО АКМ и ДУ, ТО в месяцы 2 4 6 8 10 12",
18,1,,ППР датчиков метана,gas,Газовый датчик,2026-08-24 00:00,2026-09-11 00:00,ORGANIZER,"Объект 18 графика ППР, датчиков 21, в метрологии 25.08–04.09. Объект 17 графика ТО АКМ и ДУ, ТО в месяцы 3 6 9 12. Пара в журнале не найдена",
19,1,,ППР датчиков метана,gas,Газовый датчик,2026-08-24 00:00,2026-09-11 00:00,ORGANIZER,"Объект 19 графика ППР, датчиков 5, в метрологии 25.08–04.09. Объект 17 графика ТО АКМ и ДУ, ТО в месяцы 3 6 9 12. Пара в журнале не найдена",
20,1,11,ППР датчиков метана,gas,Газовый датчик,2026-09-15 00:00,2026-10-08 00:00,ORGANIZER,"Объект 20 графика ППР, датчиков 79, в метрологии 16.09–30.09. Объект 18 графика ТО АКМ и ДУ, ТО в месяцы 1 4 7 10",
21,1,,ППР датчиков метана,gas,Газовый датчик,2026-09-15 00:00,2026-10-09 00:00,ORGANIZER,"Объект 21 графика ППР, датчиков 17, в метрологии 16.09–30.09. Объект 19 графика ТО АКМ и ДУ, ТО в месяцы 1 4 7 10. Пара в журнале не найдена",
22,1,12,ППР датчиков метана,gas,Газовый датчик,2026-10-13 00:00,2026-10-30 00:00,ORGANIZER,"Объект 22 графика ППР, датчиков 22, в метрологии 14.10–23.10. Объект 20 графика ТО АКМ и ДУ, ТО в месяцы 2 4 6 8 10 12",
23,1,,ППР датчиков метана,gas,Газовый датчик,2026-10-13 00:00,2026-10-30 00:00,ORGANIZER,"Объект 23 графика ППР, датчиков 36, в метрологии 14.10–23.10. Объект 21 графика ТО АКМ и ДУ, ТО в месяцы 1 4 7 10. Пара в журнале не найдена",
24,1,,ППР датчиков метана,gas,Газовый датчик,2026-10-13 00:00,2026-10-30 00:00,ORGANIZER,"Объект 24 графика ППР, датчиков 4, в метрологии 14.10–23.10. Объект 22 графика ТО АКМ и ДУ, ТО в месяцы 1 4 7 10. Пара в журнале не найдена",
25,1,5,ППР датчиков метана,gas,Газовый датчик,2026-11-05 00:00,2026-11-26 00:00,ORGANIZER,"Объект 25 графика ППР, датчиков 55, в метрологии 06.11–19.11. Объект 1 графика ТО АКМ и ДУ, ТО в месяцы 2 5 8 11",
26,1,5327,ППР датчиков метана,gas,Газовый датчик,2026-12-02 00:00,2026-12-23 00:00,ORGANIZER,"Объект 26 графика ППР, датчиков 55, в метрологии 03.12–17.12. Объект 24 графика ТО АКМ и ДУ, ТО в месяцы 3 6 9 12",
101,1,4068,ТО АКМ и ДУ,,,2026-01-15 09:00,2026-01-15 17:00,ORGANIZER,"Объект 2 графика ТО АКМ и ДУ, месяцы 1 3 5 7 9 11; день и часы выбраны генератором",mobile.1 mobile.4 mobile.5
102,1,4068,ТО АКМ и ДУ,,,2026-03-11 09:00,2026-03-11 17:00,ORGANIZER,"Объект 2 графика ТО АКМ и ДУ, месяцы 1 3 5 7 9 11; день и часы выбраны генератором",mobile.1 mobile.3 mobile.5
103,1,4068,ТО АКМ и ДУ,,,2026-05-20 09:00,2026-05-20 17:00,ORGANIZER,"Объект 2 графика ТО АКМ и ДУ, месяцы 1 3 5 7 9 11; день и часы выбраны генератором",mobile.3 mobile.4 mobile.5
104,1,4068,ТО АКМ и ДУ,,,2026-07-14 09:00,2026-07-14 17:00,ORGANIZER,"Объект 2 графика ТО АКМ и ДУ, месяцы 1 3 5 7 9 11; день и часы выбраны генератором",mobile.1 mobile.2 mobile.3
105,1,4068,ТО АКМ и ДУ,,,2026-09-17 09:00,2026-09-17 17:00,ORGANIZER,"Объект 2 графика ТО АКМ и ДУ, месяцы 1 3 5 7 9 11; день и часы выбраны генератором",mobile.2 mobile.3 mobile.4
106,1,4068,ТО АКМ и ДУ,,,2026-11-19 09:00,2026-11-19 17:00,ORGANIZER,"Объект 2 графика ТО АКМ и ДУ, месяцы 1 3 5 7 9 11; день и часы выбраны генератором",mobile.1 mobile.4 mobile.5
107,1,3218,ТО АКМ и ДУ,,,2026-01-21 09:00,2026-01-21 17:00,ORGANIZER,"Объект 4 графика ТО АКМ и ДУ, месяцы 1 3 5 7 9 11; день и часы выбраны генератором",mobile.1 mobile.3 mobile.5
108,1,3218,ТО АКМ и ДУ,,,2026-03-12 09:00,2026-03-12 17:00,ORGANIZER,"Объект 4 графика ТО АКМ и ДУ, месяцы 1 3 5 7 9 11; день и часы выбраны генератором",mobile.1 mobile.2 mobile.5
109,1,3218,ТО АКМ и ДУ,,,2026-05-20 09:00,2026-05-20 17:00,ORGANIZER,"Объект 4 графика ТО АКМ и ДУ, месяцы 1 3 5 7 9 11; день и часы выбраны генератором",mobile.1 mobile.4 mobile.5
110,1,3218,ТО АКМ и ДУ,,,2026-07-21 09:00,2026-07-21 17:00,ORGANIZER,"Объект 4 графика ТО АКМ и ДУ, месяцы 1 3 5 7 9 11; день и часы выбраны генератором",mobile.1 mobile.2 mobile.5
111,1,3218,ТО АКМ и ДУ,,,2026-09-08 09:00,2026-09-08 17:00,ORGANIZER,"Объект 4 графика ТО АКМ и ДУ, месяцы 1 3 5 7 9 11; день и часы выбраны генератором",mobile.2 mobile.4 mobile.5
112,1,3218,ТО АКМ и ДУ,,,2026-11-10 09:00,2026-11-10 17:00,ORGANIZER,"Объект 4 графика ТО АКМ и ДУ, месяцы 1 3 5 7 9 11; день и часы выбраны генератором",mobile.1 mobile.2 mobile.4
113,1,8,ТО АКМ и ДУ,,,2026-02-11 09:00,2026-02-11 17:00,ORGANIZER,"Объект 3 графика ТО АКМ и ДУ, месяцы 2 5 8 11; день и часы выбраны генератором",mobile.3 mobile.4 mobile.5
114,1,8,ТО АКМ и ДУ,,,2026-05-14 09:00,2026-05-14 17:00,ORGANIZER,"Объект 3 графика ТО АКМ и ДУ, месяцы 2 5 8 11; день и часы выбраны генератором",mobile.1 mobile.3 mobile.4
115,1,8,ТО АКМ и ДУ,,,2026-08-19 09:00,2026-08-19 17:00,ORGANIZER,"Объект 3 графика ТО АКМ и ДУ, месяцы 2 5 8 11; день и часы выбраны генератором",mobile.3 mobile.4 mobile.5
116,1,8,ТО АКМ и ДУ,,,2026-11-17 09:00,2026-11-17 17:00,ORGANIZER,"Объект 3 графика ТО АКМ и ДУ, месяцы 2 5 8 11; день и часы выбраны генератором",mobile.1 mobile.4 mobile.5
117,1,,ТО АКМ и ДУ,,,2026-02-11 09:00,2026-02-11 17:00,ORGANIZER,"Объект 8 графика ТО АКМ и ДУ, месяцы 2 4 6 8 10 12; день и часы выбраны генератором",mobile.3 mobile.4 mobile.5
118,1,,ТО АКМ и ДУ,,,2026-04-14 09:00,2026-04-14 17:00,ORGANIZER,"Объект 8 графика ТО АКМ и ДУ, месяцы 2 4 6 8 10 12; день и часы выбраны генератором",mobile.3 mobile.4 mobile.5
119,1,,ТО АКМ и ДУ,,,2026-06-09 09:00,2026-06-09 17:00,ORGANIZER,"Объект 8 графика ТО АКМ и ДУ, месяцы 2 4 6 8 10 12; день и часы выбраны генератором",mobile.1 mobile.4 mobile.5
120,1,,ТО АКМ и ДУ,,,2026-08-12 09:00,2026-08-12 17:00,ORGANIZER,"Объект 8 графика ТО АКМ и ДУ, месяцы 2 4 6 8 10 12; день и часы выбраны генератором",mobile.3 mobile.4 mobile.5
121,1,,ТО АКМ и ДУ,,,2026-10-21 09:00,2026-10-21 17:00,ORGANIZER,"Объект 8 графика ТО АКМ и ДУ, месяцы 2 4 6 8 10 12; день и часы выбраны генератором",mobile.2 mobile.4 mobile.5
122,1,,ТО АКМ и ДУ,,,2026-12-15 09:00,2026-12-15 17:00,ORGANIZER,"Объект 8 графика ТО АКМ и ДУ, месяцы 2 4 6 8 10 12; день и часы выбраны генератором",mobile.1 mobile.3 mobile.5
123,1,3355,ТО АКМ и ДУ,,,2026-01-15 09:00,2026-01-15 17:00,ORGANIZER,"Объект 16 графика ТО АКМ и ДУ, месяцы 1 3 5 7 9 11; день и часы выбраны генератором",mobile.2 mobile.4 mobile.5
124,1,3355,ТО АКМ и ДУ,,,2026-03-12 09:00,2026-03-12 17:00,ORGANIZER,"Объект 16 графика ТО АКМ и ДУ, месяцы 1 3 5 7 9 11; день и часы выбраны генератором",mobile.1 mobile.2 mobile.3
125,1,3355,ТО АКМ и ДУ,,,2026-05-20 09:00,2026-05-20 17:00,ORGANIZER,"Объект 16 графика ТО АКМ и ДУ, месяцы 1 3 5 7 9 11; день и часы выбраны генератором",mobile.1 mobile.3 mobile.4
126,1,3355,ТО АКМ и ДУ,,,2026-07-16 09:00,2026-07-16 17:00,ORGANIZER,"Объект 16 графика ТО АКМ и ДУ, месяцы 1 3 5 7 9 11; день и часы выбраны генератором",mobile.2 mobile.3 mobile.5
127,1,3355,ТО АКМ и ДУ,,,2026-09-08 09:00,2026-09-08 17:00,ORGANIZER,"Объект 16 графика ТО АКМ и ДУ, месяцы 1 3 5 7 9 11; день и часы выбраны генератором",mobile.2 mobile.3 mobile.4
128,1,3355,ТО АКМ и ДУ,,,2026-11-10 09:00,2026-11-10 17:00,ORGANIZER,"Объект 16 графика ТО АКМ и ДУ, месяцы 1 3 5 7 9 11; день и часы выбраны генератором",mobile.1 mobile.4 mobile.5
129,1,4356,ТО АКМ и ДУ,,,2026-01-21 09:00,2026-01-21 17:00,ORGANIZER,"Объект 5 графика ТО АКМ и ДУ, месяцы 1 4 7 10; день и часы выбраны генератором",mobile.1 mobile.4 mobile.5
130,1,4356,ТО АКМ и ДУ,,,2026-04-09 09:00,2026-04-09 17:00,ORGANIZER,"Объект 5 графика ТО АКМ и ДУ, месяцы 1 4 7 10; день и часы выбраны генератором",mobile.1 mobile.3 mobile.4
131,1,4356,ТО АКМ и ДУ,,,2026-07-08 09:00,2026-07-08 17:00,ORGANIZER,"Объект 5 графика ТО АКМ и ДУ, месяцы 1 4 7 10; день и часы выбраны генератором",mobile.1 mobile.4 mobile.5
132,1,4356,ТО АКМ и ДУ,,,2026-10-08 09:00,2026-10-08 17:00,ORGANIZER,"Объект 5 графика ТО АКМ и ДУ, месяцы 1 4 7 10; день и часы выбраны генератором",mobile.1 mobile.4 mobile.5
133,1,,ТО АКМ и ДУ,,,2026-02-10 09:00,2026-02-10 17:00,ORGANIZER,"Объект 6 графика ТО АКМ и ДУ, месяцы 2 4 6 8 10 12; день и часы выбраны генератором",mobile.2 mobile.3 mobile.5
134,1,,ТО АКМ и ДУ,,,2026-04-09 09:00,2026-04-09 17:00,ORGANIZER,"Объект 6 графика ТО АКМ и ДУ, месяцы 2 4 6 8 10 12; день и часы выбраны генератором",mobile.2 mobile.4 mobile.5
135,1,,ТО АКМ и ДУ,,,2026-06-17 09:00,2026-06-17 17:00,ORGANIZER,"Объект 6 графика ТО АКМ и ДУ, месяцы 2 4 6 8 10 12; день и часы выбраны генератором",mobile.1 mobile.2 mobile.5
136,1,,ТО АКМ и ДУ,,,2026-08-19 09:00,2026-08-19 17:00,ORGANIZER,"Объект 6 графика ТО АКМ и ДУ, месяцы 2 4 6 8 10 12; день и часы выбраны генератором",mobile.1 mobile.3 mobile.4
137,1,,ТО АКМ и ДУ,,,2026-10-13 09:00,2026-10-13 17:00,ORGANIZER,"Объект 6 графика ТО АКМ и ДУ, месяцы 2 4 6 8 10 12; день и часы выбраны генератором",mobile.2 mobile.4 mobile.5
138,1,,ТО АКМ и ДУ,,,2026-12-16 09:00,2026-12-16 17:00,ORGANIZER,"Объект 6 графика ТО АКМ и ДУ, месяцы 2 4 6 8 10 12; день и часы выбраны генератором",mobile.2 mobile.4 mobile.5
139,1,4573,ТО АКМ и ДУ,,,2026-02-10 09:00,2026-02-10 17:00,ORGANIZER,"Объект 7 графика ТО АКМ и ДУ, месяцы 2 4 6 8 10 12; день и часы выбраны генератором",mobile.2 mobile.3 mobile.5
140,1,4573,ТО АКМ и ДУ,,,2026-04-21 09:00,2026-04-21 17:00,ORGANIZER,"Объект 7 графика ТО АКМ и ДУ, месяцы 2 4 6 8 10 12; день и часы выбраны генератором",mobile.2 mobile.4 mobile.5
141,1,4573,ТО АКМ и ДУ,,,2026-06-11 09:00,2026-06-11 17:00,ORGANIZER,"Объект 7 графика ТО АКМ и ДУ, месяцы 2 4 6 8 10 12; день и часы выбраны генератором",mobile.2 mobile.4 mobile.5
142,1,4573,ТО АКМ и ДУ,,,2026-08-11 09:00,2026-08-11 17:00,ORGANIZER,"Объект 7 графика ТО АКМ и ДУ, месяцы 2 4 6 8 10 12; день и часы выбраны генератором",mobile.1 mobile.4 mobile.5
143,1,4573,ТО АКМ и ДУ,,,2026-10-20 09:00,2026-10-20 17:00,ORGANIZER,"Объект 7 графика ТО АКМ и ДУ, месяцы 2 4 6 8 10 12; день и часы выбраны генератором",mobile.1 mobile.2 mobile.5
144,1,4573,ТО АКМ и ДУ,,,2026-12-17 09:00,2026-12-17 17:00,ORGANIZER,"Объект 7 графика ТО АКМ и ДУ, месяцы 2 4 6 8 10 12; день и часы выбраны генератором",mobile.1 mobile.2 mobile.5
145,1,3828,ТО АКМ и ДУ,,,2026-02-12 09:00,2026-02-12 17:00,ORGANIZER,"Объект 9 графика ТО АКМ и ДУ, месяцы 2 5 8 11; день и часы выбраны генератором",mobile.2 mobile.3 mobile.4
146,1,3828,ТО АКМ и ДУ,,,2026-05-12 09:00,2026-05-12 17:00,ORGANIZER,"Объект 9 графика ТО АКМ и ДУ, месяцы 2 5 8 11; день и часы выбраны генератором",mobile.1 mobile.2 mobile.3
147,1,3828,ТО АКМ и ДУ,,,2026-08-19 09:00,2026-08-19 17:00,ORGANIZER,"Объект 9 графика ТО АКМ и ДУ, месяцы 2 5 8 11; день и часы выбраны генератором",mobile.1 mobile.4 mobile.5
148,1,3828,ТО АКМ и ДУ,,,2026-11-10 09:00,2026-11-10 17:00,ORGANIZER,"Объект 9 графика ТО АКМ и ДУ, месяцы 2 5 8 11; день и часы выбраны генератором",mobile.1 mobile.3 mobile.4
149,1,6,ТО АКМ и ДУ,,,2026-01-13 09:00,2026-01-13 17:00,ORGANIZER,"Объект 11 графика ТО АКМ и ДУ, месяцы 1 3 5 7 9 11; день и часы выбраны генератором",mobile.2 mobile.3 mobile.5
150,1,6,ТО АКМ и ДУ,,,2026-03-17 09:00,2026-03-17 17:00,ORGANIZER,"Объект 11 графика ТО АКМ и ДУ, месяцы 1 3 5 7 9 11; день и часы выбраны генератором",mobile.2 mobile.3 mobile.5
151,1,6,ТО АКМ и ДУ,,,2026-05-21 09:00,2026-05-21 17:00,ORGANIZER,"Объект 11 графика ТО АКМ и ДУ, месяцы 1 3 5 7 9 11; день и часы выбраны генератором",mobile.1 mobile.3 mobile.5
152,1,6,ТО АКМ и ДУ,,,2026-07-09 09:00,2026-07-09 17:00,ORGANIZER,"Объект 11 графика ТО АКМ и ДУ, месяцы 1 3 5 7 9 11; день и часы выбраны генератором",mobile.1 mobile.3 mobile.4
153,1,6,ТО АКМ и ДУ,,,2026-09-17 09:00,2026-09-17 17:00,ORGANIZER,"Объект 11 графика ТО АКМ и ДУ, месяцы 1 3 5 7 9 11; день и часы выбраны генератором",mobile.2 mobile.3 mobile.4
154,1,6,ТО АКМ и ДУ,,,2026-11-18 09:00,2026-11-18 17:00,ORGANIZER,"Объект 11 графика ТО АКМ и ДУ, месяцы 1 3 5 7 9 11; день и часы выбраны генератором",mobile.1 mobile.3 mobile.4
155,1,,ТО АКМ и ДУ,,,2026-01-20 09:00,2026-01-20 17:00,ORGANIZER,"Объект 11 графика ТО АКМ и ДУ, месяцы 1 3 5 7 9 11; день и часы выбраны генератором",mobile.1 mobile.3 mobile.5
156,1,,ТО АКМ и ДУ,,,2026-03-10 09:00,2026-03-10 17:00,ORGANIZER,"Объект 11 графика ТО АКМ и ДУ, месяцы 1 3 5 7 9 11; день и часы выбраны генератором",mobile.1 mobile.3 mobile.5
157,1,,ТО АКМ и ДУ,,,2026-05-21 09:00,2026-05-21 17:00,ORGANIZER,"Объект 11 графика ТО АКМ и ДУ, месяцы 1 3 5 7 9 11; день и часы выбраны генератором",mobile.1 mobile.4 mobile.5
158,1,,ТО АКМ и ДУ,,,2026-07-15 09:00,2026-07-15 17:00,ORGANIZER,"Объект 11 графика ТО АКМ и ДУ, месяцы 1 3 5 7 9 11; день и часы выбраны генератором",mobile.2 mobile.3 mobile.5
159,1,,ТО АКМ и ДУ,,,2026-09-08 09:00,2026-09-08 17:00,ORGANIZER,"Объект 11 графика ТО АКМ и ДУ, месяцы 1 3 5 7 9 11; день и часы выбраны генератором",mobile.2 mobile.3 mobile.5
160,1,,ТО АКМ и ДУ,,,2026-11-17 09:00,2026-11-17 17:00,ORGANIZER,"Объект 11 графика ТО АКМ и ДУ, месяцы 1 3 5 7 9 11; день и часы выбраны генератором",mobile.1 mobile.3 mobile.4
161,1,,ТО АКМ и ДУ,,,2026-01-14 09:00,2026-01-14 17:00,ORGANIZER,"Объект 12 графика ТО АКМ и ДУ, месяцы 1 3 5 7 9 11; день и часы выбраны генератором",mobile.2 mobile.3 mobile.5
162,1,,ТО АКМ и ДУ,,,2026-03-10 09:00,2026-03-10 17:00,ORGANIZER,"Объект 12 графика ТО АКМ и ДУ, месяцы 1 3 5 7 9 11; день и часы выбраны генератором",mobile.2 mobile.3 mobile.5
163,1,,ТО АКМ и ДУ,,,2026-05-20 09:00,2026-05-20 17:00,ORGANIZER,"Объект 12 графика ТО АКМ и ДУ, месяцы 1 3 5 7 9 11; день и часы выбраны генератором",mobile.2 mobile.3 mobile.4
164,1,,ТО АКМ и ДУ,,,2026-07-21 09:00,2026-07-21 17:00,ORGANIZER,"Объект 12 графика ТО АКМ и ДУ, месяцы 1 3 5 7 9 11; день и часы выбраны генератором",mobile.1 mobile.2 mobile.5
165,1,,ТО АКМ и ДУ,,,2026-09-08 09:00,2026-09-08 17:00,ORGANIZER,"Объект 12 графика ТО АКМ и ДУ, месяцы 1 3 5 7 9 11; день и часы выбраны генератором",mobile.2 mobile.3 mobile.5
166,1,,ТО АКМ и ДУ,,,2026-11-11 09:00,2026-11-11 17:00,ORGANIZER,"Объект 12 графика ТО АКМ и ДУ, месяцы 1 3 5 7 9 11; день и часы выбраны генератором",mobile.1 mobile.2 mobile.3
167,1,,ТО АКМ и ДУ,,,2026-01-21 09:00,2026-01-21 17:00,ORGANIZER,"Объект 13 графика ТО АКМ и ДУ, месяцы 1 3 5 7 9 11; день и часы выбраны генератором",mobile.1 mobile.3 mobile.5
168,1,,ТО АКМ и ДУ,,,2026-03-19 09:00,2026-03-19 17:00,ORGANIZER,"Объект 13 графика ТО АКМ и ДУ, месяцы 1 3 5 7 9 11; день и часы выбраны генератором",mobile.1 mobile.3 mobile.5
169,1,,ТО АКМ и ДУ,,,2026-05-14 09:00,2026-05-14 17:00,ORGANIZER,"Объект 13 графика ТО АКМ и ДУ, месяцы 1 3 5 7 9 11; день и часы выбраны генератором",mobile.2 mobile.3 mobile.4
170,1,,ТО АКМ и ДУ,,,2026-07-15 09:00,2026-07-15 17:00,ORGANIZER,"Объект 13 графика ТО АКМ и ДУ, месяцы 1 3 5 7 9 11; день и часы выбраны генератором",mobile.1 mobile.3 mobile.4
171,1,,ТО АКМ и ДУ,,,2026-09-16 09:00,2026-09-16 17:00,ORGANIZER,"Объект 13 графика ТО АКМ и ДУ, месяцы 1 3 5 7 9 11; день и часы выбраны генератором",mobile.2 mobile.3 mobile.5
172,1,,ТО АКМ и ДУ,,,2026-11-11 09:00,2026-11-11 17:00,ORGANIZER,"Объект 13 графика ТО АКМ и ДУ, месяцы 1 3 5 7 9 11; день и часы выбраны генератором",mobile.1 mobile.4 mobile.5
173,1,15,ТО АКМ и ДУ,,,2026-03-19 09:00,2026-03-19 17:00,ORGANIZER,"Объект 14 графика ТО АКМ и ДУ, месяцы 3 6 9 12; день и часы выбраны генератором",mobile.2 mobile.3 mobile.5
174,1,15,ТО АКМ и ДУ,,,2026-06-09 09:00,2026-06-09 17:00,ORGANIZER,"Объект 14 графика ТО АКМ и ДУ, месяцы 3 6 9 12; день и часы выбраны генератором",mobile.2 mobile.4 mobile.5
175,1,15,ТО АКМ и ДУ,,,2026-09-16 09:00,2026-09-16 17:00,ORGANIZER,"Объект 14 графика ТО АКМ и ДУ, месяцы 3 6 9 12; день и часы выбраны генератором",mobile.1 mobile.2 mobile.4
176,1,15,ТО АКМ и ДУ,,,2026-12-15 09:00,2026-12-15 17:00,ORGANIZER,"Объект 14 графика ТО АКМ и ДУ, месяцы 3 6 9 12; день и часы выбраны генератором",mobile.1 mobile.2 mobile.5
177,1,3359,ТО АКМ и ДУ,,,2026-01-20 09:00,2026-01-20 17:00,ORGANIZER,"Объект 15 графика ТО АКМ и ДУ, месяцы 1 4 7 10; день и часы выбраны генератором",mobile.2 mobile.3 mobile.4
178,1,3359,ТО АКМ и ДУ,,,2026-04-14 09:00,2026-04-14 17:00,ORGANIZER,"Объект 15 графика ТО АКМ и ДУ, месяцы 1 4 7 10; день и часы выбраны генератором",mobile.1 mobile.4 mobile.5
179,1,3359,ТО АКМ и ДУ,,,2026-07-09 09:00,2026-07-09 17:00,ORGANIZER,"Объект 15 графика ТО АКМ и ДУ, месяцы 1 4 7 10; день и часы выбраны генератором",mobile.1 mobile.2 mobile.4
180,1,3359,ТО АКМ и ДУ,,,2026-10-20 09:00,2026-10-20 17:00,ORGANIZER,"Объект 15 графика ТО АКМ и ДУ, месяцы 1 4 7 10; день и часы выбраны генератором",mobile.1 mobile.4 mobile.5
181,1,,ТО АКМ и ДУ,,,2026-02-17 09:00,2026-02-17 17:00,ORGANIZER,"Объект 23 графика ТО АКМ и ДУ, месяцы 2 4 6 8 10 12; день и часы выбраны генератором",mobile.3 mobile.4 mobile.5
182,1,,ТО АКМ и ДУ,,,2026-04-08 09:00,2026-04-08 17:00,ORGANIZER,"Объект 23 графика ТО АКМ и ДУ, месяцы 2 4 6 8 10 12; день и часы выбраны генератором",mobile.2 mobile.3 mobile.4
183,1,,ТО АКМ и ДУ,,,2026-06-18 09:00,2026-06-18 17:00,ORGANIZER,"Объект 23 графика ТО АКМ и ДУ, месяцы 2 4 6 8 10 12; день и часы выбраны генератором",mobile.1 mobile.2 mobile.5
184,1,,ТО АКМ и ДУ,,,2026-08-20 09:00,2026-08-20 17:00,ORGANIZER,"Объект 23 графика ТО АКМ и ДУ, месяцы 2 4 6 8 10 12; день и часы выбраны генератором",mobile.1 mobile.4 mobile.5
185,1,,ТО АКМ и ДУ,,,2026-10-08 09:00,2026-10-08 17:00,ORGANIZER,"Объект 23 графика ТО АКМ и ДУ, месяцы 2 4 6 8 10 12; день и часы выбраны генератором",mobile.2 mobile.3 mobile.4
186,1,,ТО АКМ и ДУ,,,2026-12-08 09:00,2026-12-08 17:00,ORGANIZER,"Объект 23 графика ТО АКМ и ДУ, месяцы 2 4 6 8 10 12; день и часы выбраны генератором",mobile.2 mobile.3 mobile.5
187,1,9,ТО АКМ и ДУ,,,2026-02-19 09:00,2026-02-19 17:00,ORGANIZER,"Объект 23 графика ТО АКМ и ДУ, месяцы 2 4 6 8 10 12; день и часы выбраны генератором",mobile.2 mobile.3 mobile.5
188,1,9,ТО АКМ и ДУ,,,2026-04-21 09:00,2026-04-21 17:00,ORGANIZER,"Объект 23 графика ТО АКМ и ДУ, месяцы 2 4 6 8 10 12; день и часы выбраны генератором",mobile.2 mobile.4 mobile.5
189,1,9,ТО АКМ и ДУ,,,2026-06-10 09:00,2026-06-10 17:00,ORGANIZER,"Объект 23 графика ТО АКМ и ДУ, месяцы 2 4 6 8 10 12; день и часы выбраны генератором",mobile.1 mobile.4 mobile.5
190,1,9,ТО АКМ и ДУ,,,2026-08-13 09:00,2026-08-13 17:00,ORGANIZER,"Объект 23 графика ТО АКМ и ДУ, месяцы 2 4 6 8 10 12; день и часы выбраны генератором",mobile.1 mobile.3 mobile.4
191,1,9,ТО АКМ и ДУ,,,2026-10-20 09:00,2026-10-20 17:00,ORGANIZER,"Объект 23 графика ТО АКМ и ДУ, месяцы 2 4 6 8 10 12; день и часы выбраны генератором",mobile.1 mobile.4 mobile.5
192,1,9,ТО АКМ и ДУ,,,2026-12-09 09:00,2026-12-09 17:00,ORGANIZER,"Объект 23 графика ТО АКМ и ДУ, месяцы 2 4 6 8 10 12; день и часы выбраны генератором",mobile.1 mobile.3 mobile.4
193,1,,ТО АКМ и ДУ,,,2026-03-18 09:00,2026-03-18 17:00,ORGANIZER,"Объект 17 графика ТО АКМ и ДУ, месяцы 3 6 9 12; день и часы выбраны генератором",mobile.1 mobile.2 mobile.3
194,1,,ТО АКМ и ДУ,,,2026-06-10 09:00,2026-06-10 17:00,ORGANIZER,"Объект 17 графика ТО АКМ и ДУ, месяцы 3 6 9 12; день и часы выбраны генератором",mobile.1 mobile.2 mobile.5
195,1,,ТО АКМ и ДУ,,,2026-09-15 09:00,2026-09-15 17:00,ORGANIZER,"Объект 17 графика ТО АКМ и ДУ, месяцы 3 6 9 12; день и часы выбраны генератором",mobile.1 mobile.2 mobile.5
196,1,,ТО АКМ и ДУ,,,2026-12-17 09:00,2026-12-17 17:00,ORGANIZER,"Объект 17 графика ТО АКМ и ДУ, месяцы 3 6 9 12; день и часы выбраны генератором",mobile.1 mobile.2 mobile.5
197,1,,ТО АКМ и ДУ,,,2026-03-17 09:00,2026-03-17 17:00,ORGANIZER,"Объект 17 графика ТО АКМ и ДУ, месяцы 3 6 9 12; день и часы выбраны генератором",mobile.2 mobile.3 mobile.5
198,1,,ТО АКМ и ДУ,,,2026-06-11 09:00,2026-06-11 17:00,ORGANIZER,"Объект 17 графика ТО АКМ и ДУ, месяцы 3 6 9 12; день и часы выбраны генератором",mobile.1 mobile.4 mobile.5
199,1,,ТО АКМ и ДУ,,,2026-09-16 09:00,2026-09-16 17:00,ORGANIZER,"Объект 17 графика ТО АКМ и ДУ, месяцы 3 6 9 12; день и часы выбраны генератором",mobile.1 mobile.4 mobile.5
200,1,,ТО АКМ и ДУ,,,2026-12-09 09:00,2026-12-09 17:00,ORGANIZER,"Объект 17 графика ТО АКМ и ДУ, месяцы 3 6 9 12; день и часы выбраны генератором",mobile.1 mobile.2 mobile.5
201,1,11,ТО АКМ и ДУ,,,2026-01-14 09:00,2026-01-14 17:00,ORGANIZER,"Объект 18 графика ТО АКМ и ДУ, месяцы 1 4 7 10; день и часы выбраны генератором",mobile.1 mobile.3 mobile.5
202,1,11,ТО АКМ и ДУ,,,2026-04-08 09:00,2026-04-08 17:00,ORGANIZER,"Объект 18 графика ТО АКМ и ДУ, месяцы 1 4 7 10; день и часы выбраны генератором",mobile.1 mobile.3 mobile.4
203,1,11,ТО АКМ и ДУ,,,2026-07-21 09:00,2026-07-21 17:00,ORGANIZER,"Объект 18 графика ТО АКМ и ДУ, месяцы 1 4 7 10; день и часы выбраны генератором",mobile.1 mobile.2 mobile.3
204,1,11,ТО АКМ и ДУ,,,2026-10-21 09:00,2026-10-21 17:00,ORGANIZER,"Объект 18 графика ТО АКМ и ДУ, месяцы 1 4 7 10; день и часы выбраны генератором",mobile.1 mobile.2 mobile.4
205,1,,ТО АКМ и ДУ,,,2026-01-15 09:00,2026-01-15 17:00,ORGANIZER,"Объект 19 графика ТО АКМ и ДУ, месяцы 1 4 7 10; день и часы выбраны генератором",mobile.1 mobile.2 mobile.5
206,1,,ТО АКМ и ДУ,,,2026-04-08 09:00,2026-04-08 17:00,ORGANIZER,"Объект 19 графика ТО АКМ и ДУ, месяцы 1 4 7 10; день и часы выбраны генератором",mobile.1 mobile.4 mobile.5
207,1,,ТО АКМ и ДУ,,,2026-07-14 09:00,2026-07-14 17:00,ORGANIZER,"Объект 19 графика ТО АКМ и ДУ, месяцы 1 4 7 10; день и часы выбраны генератором",mobile.1 mobile.2 mobile.3
208,1,,ТО АКМ и ДУ,,,2026-10-14 09:00,2026-10-14 17:00,ORGANIZER,"Объект 19 графика ТО АКМ и ДУ, месяцы 1 4 7 10; день и часы выбраны генератором",mobile.2 mobile.4 mobile.5
209,1,12,ТО АКМ и ДУ,,,2026-02-18 09:00,2026-02-18 17:00,ORGANIZER,"Объект 20 графика ТО АКМ и ДУ, месяцы 2 4 6 8 10 12; день и часы выбраны генератором",mobile.3 mobile.4 mobile.5
210,1,12,ТО АКМ и ДУ,,,2026-04-15 09:00,2026-04-15 17:00,ORGANIZER,"Объект 20 графика ТО АКМ и ДУ, месяцы 2 4 6 8 10 12; день и часы выбраны генератором",mobile.1 mobile.3 mobile.4
211,1,12,ТО АКМ и ДУ,,,2026-06-11 09:00,2026-06-11 17:00,ORGANIZER,"Объект 20 графика ТО АКМ и ДУ, месяцы 2 4 6 8 10 12; день и часы выбраны генератором",mobile.1 mobile.4 mobile.5
212,1,12,ТО АКМ и ДУ,,,2026-08-19 09:00,2026-08-19 17:00,ORGANIZER,"Объект 20 графика ТО АКМ и ДУ, месяцы 2 4 6 8 10 12; день и часы выбраны генератором",mobile.1 mobile.3 mobile.4
213,1,12,ТО АКМ и ДУ,,,2026-10-14 09:00,2026-10-14 17:00,ORGANIZER,"Объект 20 графика ТО АКМ и ДУ, месяцы 2 4 6 8 10 12; день и часы выбраны генератором",mobile.1 mobile.4 mobile.5
214,1,12,ТО АКМ и ДУ,,,2026-12-17 09:00,2026-12-17 17:00,ORGANIZER,"Объект 20 графика ТО АКМ и ДУ, месяцы 2 4 6 8 10 12; день и часы выбраны генератором",mobile.1 mobile.2 mobile.3
215,1,,ТО АКМ и ДУ,,,2026-01-15 09:00,2026-01-15 17:00,ORGANIZER,"Объект 21 графика ТО АКМ и ДУ, месяцы 1 4 7 10; день и часы выбраны генератором",mobile.1 mobile.2 mobile.3
216,1,,ТО АКМ и ДУ,,,2026-04-08 09:00,2026-04-08 17:00,ORGANIZER,"Объект 21 графика ТО АКМ и ДУ, месяцы 1 4 7 10; день и часы выбраны генератором",mobile.1 mobile.4 mobile.5
217,1,,ТО АКМ и ДУ,,,2026-07-09 09:00,2026-07-09 17:00,ORGANIZER,"Объект 21 графика ТО АКМ и ДУ, месяцы 1 4 7 10; день и часы выбраны генератором",mobile.2 mobile.3 mobile.4
218,1,,ТО АКМ и ДУ,,,2026-10-13 09:00,2026-10-13 17:00,ORGANIZER,"Объект 21 графика ТО АКМ и ДУ, месяцы 1 4 7 10; день и часы выбраны генератором",mobile.1 mobile.2 mobile.5
219,1,,ТО АКМ и ДУ,,,2026-01-21 09:00,2026-01-21 17:00,ORGANIZER,"Объект 22 графика ТО АКМ и ДУ, месяцы 1 4 7 10; день и часы выбраны генератором",mobile.1 mobile.2 mobile.4
220,1,,ТО АКМ и ДУ,,,2026-04-09 09:00,2026-04-09 17:00,ORGANIZER,"Объект 22 графика ТО АКМ и ДУ, месяцы 1 4 7 10; день и часы выбраны генератором",mobile.2 mobile.4 mobile.5
221,1,,ТО АКМ и ДУ,,,2026-07-15 09:00,2026-07-15 17:00,ORGANIZER,"Объект 22 графика ТО АКМ и ДУ, месяцы 1 4 7 10; день и часы выбраны генератором",mobile.1 mobile.2 mobile.3
222,1,,ТО АКМ и ДУ,,,2026-10-14 09:00,2026-10-14 17:00,ORGANIZER,"Объект 22 графика ТО АКМ и ДУ, месяцы 1 4 7 10; день и часы выбраны генератором",mobile.1 mobile.2 mobile.4
223,1,5,ТО АКМ и ДУ,,,2026-02-11 09:00,2026-02-11 17:00,ORGANIZER,"Объект 1 графика ТО АКМ и ДУ, месяцы 2 5 8 11; день и часы выбраны генератором",mobile.2 mobile.4 mobile.5
224,1,5,ТО АКМ и ДУ,,,2026-05-19 09:00,2026-05-19 17:00,ORGANIZER,"Объект 1 графика ТО АКМ и ДУ, месяцы 2 5 8 11; день и часы выбраны генератором",mobile.1 mobile.2 mobile.5
225,1,5,ТО АКМ и ДУ,,,2026-08-13 09:00,2026-08-13 17:00,ORGANIZER,"Объект 1 графика ТО АКМ и ДУ, месяцы 2 5 8 11; день и часы выбраны генератором",mobile.1 mobile.4 mobile.5
226,1,5,ТО АКМ и ДУ,,,2026-11-19 09:00,2026-11-19 17:00,ORGANIZER,"Объект 1 графика ТО АКМ и ДУ, месяцы 2 5 8 11; день и часы выбраны генератором",mobile.1 mobile.4 mobile.5
227,1,5327,ТО АКМ и ДУ,,,2026-03-19 09:00,2026-03-19 17:00,ORGANIZER,"Объект 24 графика ТО АКМ и ДУ, месяцы 3 6 9 12; день и часы выбраны генератором",mobile.1 mobile.2 mobile.3
228,1,5327,ТО АКМ и ДУ,,,2026-06-09 09:00,2026-06-09 17:00,ORGANIZER,"Объект 24 графика ТО АКМ и ДУ, месяцы 3 6 9 12; день и часы выбраны генератором",mobile.2 mobile.4 mobile.5
229,1,5327,ТО АКМ и ДУ,,,2026-09-08 09:00,2026-09-08 17:00,ORGANIZER,"Объект 24 графика ТО АКМ и ДУ, месяцы 3 6 9 12; день и часы выбраны генератором",mobile.2 mobile.3 mobile.4
230,1,5327,ТО АКМ и ДУ,,,2026-12-10 09:00,2026-12-10 17:00,ORGANIZER,"Объект 24 графика ТО АКМ и ДУ, месяцы 3 6 9 12; день и часы выбраны генератором",mobile.1 mobile.4 mobile.5
